local_time,elapsed_s,sample_source,phase,state,state_id,armed,altitude_setpoint_m,altitude_m,vertical_speed_m_s,roll_deg,pitch_deg,yaw_deg,joystick_throttle_pwm,output_throttle_pwm,output_correction_pwm,output_saturated,output_roll_pwm,output_pitch_pwm,output_yaw_pwm,TAKEOFF_ALT,TAKEOFF_RATE,ALT_KP,ALT_KI,ALT_KD,ALT_OUT_LIMIT,HOV_BASELINE
2026-08-06T15:57:39.492+03:00,0.052167,V2_CHANNEL_STATUS,Waiting for bt-app telemetry,,,0,,,,,,,1000,1000,,0,1500,1500,1500,,,,,,,
2026-08-06T15:57:39.560+03:00,0.119986,GLOBAL_POSITION_INT,Reading active takeoff parameters,IDLE,0,0,,0.0,,,,,1000,1000,,0,1500,1500,1500,,,,,,,
2026-08-06T15:57:39.560+03:00,0.120358,RC_CHANNELS,Reading active takeoff parameters,IDLE,0,0,,0.0,,0.0,0.0,356.9999996891463,1000,1000,,0,1500,1500,1500,,,,,,,
2026-08-06T15:57:39.592+03:00,0.151490,V2_CHANNEL_STATUS,Reading active takeoff parameters,IDLE,0,0,,0.0,,0.0,0.0,356.9999996891463,1000,1000,,0,1500,1500,1500,,,20.0,0.0,35.0,150.0,
2026-08-06T15:57:39.690+03:00,0.249780,V2_CHANNEL_STATUS,Arming in MANUAL mode,IDLE,0,0,,0.0,,0.0,0.0,356.9999996891463,1000,1000,-660,1,1500,1500,1500,2.0,0.5,20.0,0.0,35.0,150.0,1660
2026-08-06T15:57:39.793+03:00,0.352864,V2_CHANNEL_STATUS,Arming in MANUAL mode,IDLE,0,0,,0.0,,0.0,0.0,356.9999996891463,1000,1000,-660,1,1500,1500,1500,2.0,0.5,20.0,0.0,35.0,150.0,1660
2026-08-06T15:57:39.891+03:00,0.451061,V2_CHANNEL_STATUS,Arming in MANUAL mode,IDLE,0,0,,0.0,,0.0,0.0,356.9999996891463,1000,1000,-660,1,1500,1500,1500,2.0,0.5,20.0,0.0,35.0,150.0,1660
2026-08-06T15:57:39.994+03:00,0.554312,V2_CHANNEL_STATUS,Arming in MANUAL mode,IDLE,0,0,,0.0,,0.0,0.0,356.9999996891463,1000,1000,-660,1,1500,1500,1500,2.0,0.5,20.0,0.0,35.0,150.0,1660
2026-08-06T15:57:40.051+03:00,0.611321,GLOBAL_POSITION_INT,Arming in MANUAL mode,IDLE,0,0,,0.0,0.0,0.0,0.0,356.9999996891463,1000,1000,-660,1,1500,1500,1500,2.0,0.5,20.0,0.0,35.0,150.0,1660
2026-08-06T15:57:40.052+03:00,0.611596,RC_CHANNELS,Arming in MANUAL mode,IDLE,0,0,,0.0,0.0,0.0,0.0,356.9999996891463,1000,1000,-660,1,1500,1500,1500,2.0,0.5,20.0,0.0,35.0,150.0,1660
2026-08-06T15:57:40.093+03:00,0.652724,V2_CHANNEL_STATUS,Arming in MANUAL mode,IDLE,0,0,,0.0,0.0,0.0,0.0,356.9999996891463,1000,1000,-660,1,1500,1500,1500,2.0,0.5,20.0,0.0,35.0,150.0,1660
2026-08-06T15:57:40.191+03:00,0.750859,V2_CHANNEL_STATUS,Arming in MANUAL mode,IDLE,0,0,,0.0,0.0,0.0,0.0,356.9999996891463,1000,1000,-660,1,1500,1500,1500,2.0,0.5,20.0,0.0,35.0,150.0,1660
2026-08-06T15:57:40.294+03:00,0.853939,V2_CHANNEL_STATUS,Arming in MANUAL mode,IDLE,0,0,,0.0,0.0,0.0,0.0,356.9999996891463,1000,1000,-660,1,1500,1500,1500,2.0,0.5,20.0,0.0,35.0,150.0,1660
2026-08-06T15:57:40.392+03:00,0.951969,V2_CHANNEL_STATUS,Arming in MANUAL mode,IDLE,0,0,,0.0,0.0,0.0,0.0,356.9999996891463,1000,1000,-660,1,1500,1500,1500,2.0,0.5,20.0,0.0,35.0,150.0,1660
2026-08-06T15:57:40.495+03:00,1.055246,V2_CHANNEL_STATUS,Arming in MANUAL mode,IDLE,0,0,,0.0,0.0,0.0,0.0,356.9999996891463,1000,1000,-660,1,1500,1500,1500,2.0,0.5,20.0,0.0,35.0,150.0,1660
2026-08-06T15:57:40.552+03:00,1.112406,GLOBAL_POSITION_INT,Arming in MANUAL mode,6,6,0,,0.0,0.0,0.0,0.0,356.9999996891463,1000,1000,-660,1,1500,1500,1500,2.0,0.5,20.0,0.0,35.0,150.0,1660
2026-08-06T15:57:40.553+03:00,1.112635,RC_CHANNELS,Arming in MANUAL mode,6,6,0,,0.0,0.0,0.0,0.0,356.9999996891463,1000,1000,-660,1,1500,1500,1500,2.0,0.5,20.0,0.0,35.0,150.0,1660
2026-08-06T15:57:40.594+03:00,1.153747,V2_CHANNEL_STATUS,Arming in MANUAL mode,6,6,0,,0.0,0.0,0.0,0.0,356.9999996891463,1000,1000,-660,1,1500,1500,1500,2.0,0.5,20.0,0.0,35.0,150.0,1660
2026-08-06T15:57:40.692+03:00,1.252135,V2_CHANNEL_STATUS,Arming in MANUAL mode,6,6,0,,0.0,0.0,0.0,0.0,356.9999996891463,1000,1000,-660,1,1500,1500,1500,2.0,0.5,20.0,0.0,35.0,150.0,1660
2026-08-06T15:57:40.796+03:00,1.355812,V2_CHANNEL_STATUS,Arming in MANUAL mode,6,6,0,,0.0,0.0,0.0,0.0,356.9999996891463,1000,1000,-660,1,1500,1500,1500,2.0,0.5,20.0,0.0,35.0,150.0,1660
2026-08-06T15:57:40.894+03:00,1.454020,V2_CHANNEL_STATUS,Arming in MANUAL mode,6,6,0,,0.0,0.0,0.0,0.0,356.9999996891463,1000,1000,-660,1,1500,1500,1500,2.0,0.5,20.0,0.0,35.0,150.0,1660
2026-08-06T15:57:40.992+03:00,1.552121,V2_CHANNEL_STATUS,Arming in MANUAL mode,6,6,0,,0.0,0.0,0.0,0.0,356.9999996891463,1000,1000,-660,1,1500,1500,1500,2.0,0.5,20.0,0.0,35.0,150.0,1660
2026-08-06T15:57:41.054+03:00,1.614328,GLOBAL_POSITION_INT,Arming in MANUAL mode,6,6,0,,0.0,0.0,0.0,0.0,356.9999996891463,1000,1000,-660,1,1500,1500,1500,2.0,0.5,20.0,0.0,35.0,150.0,1660
2026-08-06T15:57:41.055+03:00,1.614548,RC_CHANNELS,Arming in MANUAL mode,6,6,0,,0.0,0.0,0.0,0.0,356.9999996891463,1000,1000,-660,1,1500,1500,1500,2.0,0.5,20.0,0.0,35.0,150.0,1660
2026-08-06T15:57:41.096+03:00,1.655880,V2_CHANNEL_STATUS,Arming in MANUAL mode,6,6,0,,0.0,0.0,0.0,0.0,356.9999996891463,1000,1000,-660,1,1500,1500,1500,2.0,0.5,20.0,0.0,35.0,150.0,1660
2026-08-06T15:57:41.194+03:00,1.754234,V2_CHANNEL_STATUS,Arming in MANUAL mode,6,6,0,,0.0,0.0,0.0,0.0,356.9999996891463,1000,1000,-660,1,1500,1500,1500,2.0,0.5,20.0,0.0,35.0,150.0,1660
2026-08-06T15:57:41.293+03:00,1.852480,V2_CHANNEL_STATUS,Arming in MANUAL mode,6,6,0,,0.0,0.0,0.0,0.0,356.9999996891463,1000,1000,-660,1,1500,1500,1500,2.0,0.5,20.0,0.0,35.0,150.0,1660
2026-08-06T15:57:41.396+03:00,1.955867,V2_CHANNEL_STATUS,Arming in MANUAL mode,6,6,0,,0.0,0.0,0.0,0.0,356.9999996891463,1000,1000,-660,1,1500,1500,1500,2.0,0.5,20.0,0.0,35.0,150.0,1660
2026-08-06T15:57:41.494+03:00,2.053922,V2_CHANNEL_STATUS,Arming in MANUAL mode,6,6,0,,0.0,0.0,0.0,0.0,356.9999996891463,1000,1000,-660,1,1500,1500,1500,2.0,0.5,20.0,0.0,35.0,150.0,1660
2026-08-06T15:57:41.551+03:00,2.110963,GLOBAL_POSITION_INT,Arming in MANUAL mode,6,6,0,,0.0,0.0,0.0,0.0,356.9999996891463,1000,1000,-660,1,1500,1500,1500,2.0,0.5,20.0,0.0,35.0,150.0,1660
2026-08-06T15:57:41.551+03:00,2.111192,RC_CHANNELS,Arming in MANUAL mode,6,6,0,,0.0,0.0,0.0,0.0,356.9999996891463,1000,1000,-660,1,1500,1500,1500,2.0,0.5,20.0,0.0,35.0,150.0,1660
2026-08-06T15:57:41.598+03:00,2.157496,V2_CHANNEL_STATUS,Arming in MANUAL mode,6,6,0,,0.0,0.0,0.0,0.0,356.9999996891463,1000,1000,-660,1,1500,1500,1500,2.0,0.5,20.0,0.0,35.0,150.0,1660
2026-08-06T15:57:41.697+03:00,2.256432,V2_CHANNEL_STATUS,Arming in MANUAL mode,6,6,0,,0.0,0.0,0.0,0.0,356.9999996891463,1000,1000,-660,1,1500,1500,1500,2.0,0.5,20.0,0.0,35.0,150.0,1660
2026-08-06T15:57:41.795+03:00,2.354524,V2_CHANNEL_STATUS,Arming in MANUAL mode,6,6,0,,0.0,0.0,0.0,0.0,356.9999996891463,1000,1000,-660,1,1500,1500,1500,2.0,0.5,20.0,0.0,35.0,150.0,1660
2026-08-06T15:57:41.898+03:00,2.457759,V2_CHANNEL_STATUS,Arming in MANUAL mode,6,6,0,,0.0,0.0,0.0,0.0,356.9999996891463,1000,1000,-660,1,1500,1500,1500,2.0,0.5,20.0,0.0,35.0,150.0,1660
2026-08-06T15:57:41.996+03:00,2.555841,V2_CHANNEL_STATUS,Arming in MANUAL mode,6,6,0,,0.0,0.0,0.0,0.0,356.9999996891463,1000,1000,-660,1,1500,1500,1500,2.0,0.5,20.0,0.0,35.0,150.0,1660
2026-08-06T15:57:42.053+03:00,2.612663,GLOBAL_POSITION_INT,Arming in MANUAL mode,6,6,0,,0.0,0.0,0.0,0.0,356.9999996891463,1000,1000,-660,1,1500,1500,1500,2.0,0.5,20.0,0.0,35.0,150.0,1660
2026-08-06T15:57:42.053+03:00,2.612878,RC_CHANNELS,Arming in MANUAL mode,6,6,0,,0.0,0.0,0.0,0.0,356.9999996891463,1000,1000,-660,1,1500,1500,1500,2.0,0.5,20.0,0.0,35.0,150.0,1660
2026-08-06T15:57:42.094+03:00,2.654339,V2_CHANNEL_STATUS,Arming in MANUAL mode,6,6,0,,0.0,0.0,0.0,0.0,356.9999996891463,1000,1000,-660,1,1500,1500,1500,2.0,0.5,20.0,0.0,35.0,150.0,1660
2026-08-06T15:57:42.197+03:00,2.757148,V2_CHANNEL_STATUS,Arming in MANUAL mode,6,6,0,,0.0,0.0,0.0,0.0,356.9999996891463,1000,1000,-660,1,1500,1500,1500,2.0,0.5,20.0,0.0,35.0,150.0,1660
2026-08-06T15:57:42.295+03:00,2.855039,V2_CHANNEL_STATUS,Arming in MANUAL mode,6,6,0,,0.0,0.0,0.0,0.0,356.9999996891463,1000,1000,-660,1,1500,1500,1500,2.0,0.5,20.0,0.0,35.0,150.0,1660
2026-08-06T15:57:42.398+03:00,2.958117,V2_CHANNEL_STATUS,Arming in MANUAL mode,6,6,0,,0.0,0.0,0.0,0.0,356.9999996891463,1000,1000,-660,1,1500,1500,1500,2.0,0.5,20.0,0.0,35.0,150.0,1660
2026-08-06T15:57:42.496+03:00,3.056102,V2_CHANNEL_STATUS,Arming in MANUAL mode,6,6,0,,0.0,0.0,0.0,0.0,356.9999996891463,1000,1000,-660,1,1500,1500,1500,2.0,0.5,20.0,0.0,35.0,150.0,1660
2026-08-06T15:57:42.553+03:00,3.112905,GLOBAL_POSITION_INT,Arming in MANUAL mode,6,6,0,,0.0,0.0,0.0,0.0,356.9999996891463,1000,1000,-660,1,1500,1500,1500,2.0,0.5,20.0,0.0,35.0,150.0,1660
2026-08-06T15:57:42.553+03:00,3.113141,RC_CHANNELS,Arming in MANUAL mode,6,6,0,,0.0,0.0,0.0,0.0,356.9999996891463,1000,1000,-660,1,1500,1500,1500,2.0,0.5,20.0,0.0,35.0,150.0,1660
2026-08-06T15:57:42.600+03:00,3.159531,V2_CHANNEL_STATUS,Arming in MANUAL mode,6,6,0,,0.0,0.0,0.0,0.0,356.9999996891463,1000,1000,-660,1,1500,1500,1500,2.0,0.5,20.0,0.0,35.0,150.0,1660
2026-08-06T15:57:42.698+03:00,3.257551,V2_CHANNEL_STATUS,Arming in MANUAL mode,6,6,0,,0.0,0.0,0.0,0.0,356.9999996891463,1000,1000,-660,1,1500,1500,1500,2.0,0.5,20.0,0.0,35.0,150.0,1660
2026-08-06T15:57:42.796+03:00,3.355503,V2_CHANNEL_STATUS,Arming in MANUAL mode,6,6,0,,0.0,0.0,0.0,0.0,356.9999996891463,1000,1000,-660,1,1500,1500,1500,2.0,0.5,20.0,0.0,35.0,150.0,1660
2026-08-06T15:57:42.899+03:00,3.458999,V2_CHANNEL_STATUS,Arming in MANUAL mode,6,6,0,,0.0,0.0,0.0,0.0,356.9999996891463,1000,1000,-660,1,1500,1500,1500,2.0,0.5,20.0,0.0,35.0,150.0,1660
2026-08-06T15:57:42.997+03:00,3.556729,V2_CHANNEL_STATUS,Arming in MANUAL mode,6,6,0,,0.0,0.0,0.0,0.0,356.9999996891463,1000,1000,-660,1,1500,1500,1500,2.0,0.5,20.0,0.0,35.0,150.0,1660
2026-08-06T15:57:43.054+03:00,3.613631,GLOBAL_POSITION_INT,Arming in MANUAL mode,6,6,0,,0.0,0.0,0.0,0.0,356.9999996891463,1000,1000,-660,1,1500,1500,1500,2.0,0.5,20.0,0.0,35.0,150.0,1660
2026-08-06T15:57:43.054+03:00,3.613899,RC_CHANNELS,Arming in MANUAL mode,6,6,0,,0.0,0.0,0.0,0.0,356.9999996891463,1000,1000,-660,1,1500,1500,1500,2.0,0.5,20.0,0.0,35.0,150.0,1660
2026-08-06T15:57:43.101+03:00,3.660440,V2_CHANNEL_STATUS,Arming in MANUAL mode,6,6,0,,0.0,0.0,0.0,0.0,356.9999996891463,1000,1000,-660,1,1500,1500,1500,2.0,0.5,20.0,0.0,35.0,150.0,1660
2026-08-06T15:57:43.198+03:00,3.758389,V2_CHANNEL_STATUS,Arming in MANUAL mode,6,6,0,,0.0,0.0,0.0,0.0,356.9999996891463,1000,1000,-660,1,1500,1500,1500,2.0,0.5,20.0,0.0,35.0,150.0,1660
2026-08-06T15:57:43.296+03:00,3.856375,V2_CHANNEL_STATUS,Arming in MANUAL mode,6,6,0,,0.0,0.0,0.0,0.0,356.9999996891463,1000,1000,-660,1,1500,1500,1500,2.0,0.5,20.0,0.0,35.0,150.0,1660
2026-08-06T15:57:43.400+03:00,3.959762,V2_CHANNEL_STATUS,Arming in MANUAL mode,6,6,0,,0.0,0.0,0.0,0.0,356.9999996891463,1000,1000,-660,1,1500,1500,1500,2.0,0.5,20.0,0.0,35.0,150.0,1660
2026-08-06T15:57:43.498+03:00,4.057763,V2_CHANNEL_STATUS,Arming in MANUAL mode,6,6,0,,0.0,0.0,0.0,0.0,356.9999996891463,1000,1000,-660,1,1500,1500,1500,2.0,0.5,20.0,0.0,35.0,150.0,1660
2026-08-06T15:57:43.555+03:00,4.114778,GLOBAL_POSITION_INT,Requesting automatic takeoff from MANUAL,MANUAL,1,1,,0.0,0.0,0.0,0.0,356.9999996891463,1000,1000,-660,1,1500,1500,1500,2.0,0.5,20.0,0.0,35.0,150.0,1660
2026-08-06T15:57:43.555+03:00,4.115000,RC_CHANNELS,Requesting automatic takeoff from MANUAL,MANUAL,1,1,,0.0,0.0,0.0,0.0,356.9999996891463,1000,1000,-660,1,1500,1500,1500,2.0,0.5,20.0,0.0,35.0,150.0,1660
2026-08-06T15:57:43.597+03:00,4.156758,V2_CHANNEL_STATUS,Requesting automatic takeoff from MANUAL,MANUAL,1,1,,0.0,0.0,0.0,0.0,356.9999996891463,1000,1660,0,0,1500,1500,1500,2.0,0.5,20.0,0.0,35.0,150.0,1660
2026-08-06T15:57:43.700+03:00,4.260018,V2_CHANNEL_STATUS,Requesting automatic takeoff from MANUAL,MANUAL,1,1,,0.0,0.0,0.0,0.0,356.9999996891463,1000,1661,1,0,1500,1500,1500,2.0,0.5,20.0,0.0,35.0,150.0,1660
2026-08-06T15:57:43.798+03:00,4.358336,V2_CHANNEL_STATUS,Requesting automatic takeoff from MANUAL,MANUAL,1,1,,0.0,0.0,0.0,0.0,356.9999996891463,1000,1662,2,0,1500,1500,1500,2.0,0.5,20.0,0.0,35.0,150.0,1660
2026-08-06T15:57:43.902+03:00,4.461835,V2_CHANNEL_STATUS,Requesting automatic takeoff from MANUAL,MANUAL,1,1,,0.0,0.0,0.0,0.0,356.9999996891463,1000,1663,3,0,1500,1500,1500,2.0,0.5,20.0,0.0,35.0,150.0,1660
2026-08-06T15:57:44.000+03:00,4.560073,V2_CHANNEL_STATUS,Requesting automatic takeoff from MANUAL,MANUAL,1,1,,0.0,0.0,0.0,0.0,356.9999996891463,1000,1664,4,0,1500,1500,1500,2.0,0.5,20.0,0.0,35.0,150.0,1660
2026-08-06T15:57:44.052+03:00,4.611840,GLOBAL_POSITION_INT,Requesting automatic takeoff from MANUAL,MANUAL,1,1,,0.0,0.0,0.0,0.0,356.9999996891463,1000,1664,4,0,1500,1500,1500,2.0,0.5,20.0,0.0,35.0,150.0,1660
2026-08-06T15:57:44.052+03:00,4.612150,RC_CHANNELS,Requesting automatic takeoff from MANUAL,MANUAL,1,1,,0.0,0.0,0.0,0.0,356.9999996891463,1000,1664,4,0,1500,1500,1500,2.0,0.5,20.0,0.0,35.0,150.0,1660
2026-08-06T15:57:44.099+03:00,4.658699,V2_CHANNEL_STATUS,Requesting automatic takeoff from MANUAL,MANUAL,1,1,,0.0,0.0,0.0,0.0,356.9999996891463,1000,1665,5,0,1500,1500,1500,2.0,0.5,20.0,0.0,35.0,150.0,1660
2026-08-06T15:57:44.202+03:00,4.762024,V2_CHANNEL_STATUS,Requesting automatic takeoff from MANUAL,MANUAL,1,1,,0.0,0.0,0.0,0.0,356.9999996891463,1000,1666,6,0,1500,1500,1500,2.0,0.5,20.0,0.0,35.0,150.0,1660
2026-08-06T15:57:44.300+03:00,4.860250,V2_CHANNEL_STATUS,Requesting automatic takeoff from MANUAL,MANUAL,1,1,,0.0,0.0,0.0,0.0,356.9999996891463,1000,1667,7,0,1500,1500,1500,2.0,0.5,20.0,0.0,35.0,150.0,1660
2026-08-06T15:57:44.398+03:00,4.958336,V2_CHANNEL_STATUS,Requesting automatic takeoff from MANUAL,MANUAL,1,1,,0.0,0.0,0.0,0.0,356.9999996891463,1000,1668,8,0,1500,1500,1500,2.0,0.5,20.0,0.0,35.0,150.0,1660
2026-08-06T15:57:44.502+03:00,5.061501,V2_CHANNEL_STATUS,Requesting automatic takeoff from MANUAL,MANUAL,1,1,,0.0,0.0,0.0,0.0,356.9999996891463,1000,1669,9,0,1500,1500,1500,2.0,0.5,20.0,0.0,35.0,150.0,1660
2026-08-06T15:57:44.554+03:00,5.113539,GLOBAL_POSITION_INT,Recording TAKEOFF until ALT_HOLD,TAKEOFF,5,1,,0.0,0.0,0.0,0.0,356.9999996891463,1000,1669,9,0,1500,1500,1500,2.0,0.5,20.0,0.0,35.0,150.0,1660
2026-08-06T15:57:44.554+03:00,5.113771,RC_CHANNELS,Recording TAKEOFF until ALT_HOLD,TAKEOFF,5,1,,0.0,0.0,0.0,0.0,356.9999996891463,1000,1669,9,0,1500,1500,1500,2.0,0.5,20.0,0.0,35.0,150.0,1660
2026-08-06T15:57:44.600+03:00,5.160230,V2_CHANNEL_STATUS,Recording TAKEOFF until ALT_HOLD,TAKEOFF,5,1,,0.0,0.0,0.0,0.0,356.9999996891463,1000,1670,10,0,1500,1500,1500,2.0,0.5,20.0,0.0,35.0,150.0,1660
2026-08-06T15:57:44.704+03:00,5.263600,V2_CHANNEL_STATUS,Recording TAKEOFF until ALT_HOLD,TAKEOFF,5,1,,0.0,0.0,0.0,0.0,356.9999996891463,1000,1671,11,0,1500,1500,1500,2.0,0.5,20.0,0.0,35.0,150.0,1660
2026-08-06T15:57:44.802+03:00,5.362094,V2_CHANNEL_STATUS,Recording TAKEOFF until ALT_HOLD,TAKEOFF,5,1,,0.0,0.0,0.0,0.0,356.9999996891463,1000,1672,12,0,1500,1500,1500,2.0,0.5,20.0,0.0,35.0,150.0,1660
2026-08-06T15:57:44.900+03:00,5.460123,V2_CHANNEL_STATUS,Recording TAKEOFF until ALT_HOLD,TAKEOFF,5,1,,0.0,0.0,0.0,0.0,356.9999996891463,1000,1673,13,0,1500,1500,1500,2.0,0.5,20.0,0.0,35.0,150.0,1660
2026-08-06T15:57:45.004+03:00,5.563440,V2_CHANNEL_STATUS,Recording TAKEOFF until ALT_HOLD,TAKEOFF,5,1,,0.0,0.0,0.0,0.0,356.9999996891463,1000,1674,14,0,1500,1500,1500,2.0,0.5,20.0,0.0,35.0,150.0,1660
2026-08-06T15:57:45.055+03:00,5.615225,GLOBAL_POSITION_INT,Recording TAKEOFF until ALT_HOLD,TAKEOFF,5,1,,0.05,0.09966675444060079,0.0,0.0,356.9999996891463,1000,1674,14,0,1500,1500,1500,2.0,0.5,20.0,0.0,35.0,150.0,1660
2026-08-06T15:57:45.056+03:00,5.615499,RC_CHANNELS,Recording TAKEOFF until ALT_HOLD,TAKEOFF,5,1,,0.05,0.09966675444060079,0.0,0.0,356.9999996891463,1000,1674,14,0,1500,1500,1500,2.0,0.5,20.0,0.0,35.0,150.0,1660
2026-08-06T15:57:45.102+03:00,5.661942,V2_CHANNEL_STATUS,Recording TAKEOFF until ALT_HOLD,TAKEOFF,5,1,,0.05,0.09966675444060079,0.0,0.0,356.9999996891463,1000,1660,0,0,1500,1500,1500,2.0,0.5,20.0,0.0,35.0,150.0,1660
2026-08-06T15:57:45.201+03:00,5.760857,V2_CHANNEL_STATUS,Recording TAKEOFF until ALT_HOLD,TAKEOFF,5,1,,0.05,0.09966675444060079,0.0,0.0,356.9999996891463,1000,1660,0,0,1500,1500,1500,2.0,0.5,20.0,0.0,35.0,150.0,1660
2026-08-06T15:57:45.304+03:00,5.864324,V2_CHANNEL_STATUS,Recording TAKEOFF until ALT_HOLD,TAKEOFF,5,1,,0.05,0.09966675444060079,0.0,0.0,356.9999996891463,1000,1672,12,0,1500,1500,1500,2.0,0.5,20.0,0.0,35.0,150.0,1660
2026-08-06T15:57:45.403+03:00,5.962481,V2_CHANNEL_STATUS,Recording TAKEOFF until ALT_HOLD,TAKEOFF,5,1,,0.05,0.09966675444060079,0.0,0.0,356.9999996891463,1000,1662,2,0,1500,1500,1500,2.0,0.5,20.0,0.0,35.0,150.0,1660
2026-08-06T15:57:45.506+03:00,6.065999,V2_CHANNEL_STATUS,Recording TAKEOFF until ALT_HOLD,TAKEOFF,5,1,,0.05,0.09966675444060079,0.0,0.0,356.9999996891463,1000,1663,3,0,1500,1500,1500,2.0,0.5,20.0,0.0,35.0,150.0,1660
2026-08-06T15:57:45.553+03:00,6.112863,GLOBAL_POSITION_INT,Recording TAKEOFF until ALT_HOLD,TAKEOFF,5,1,,0.16,0.2210383488536525,0.0,0.0,356.9999996891463,1000,1663,3,0,1500,1500,1500,2.0,0.5,20.0,0.0,35.0,150.0,1660
2026-08-06T15:57:45.553+03:00,6.113109,RC_CHANNELS,Recording TAKEOFF until ALT_HOLD,TAKEOFF,5,1,,0.16,0.2210383488536525,0.0,0.0,356.9999996891463,1000,1663,3,0,1500,1500,1500,2.0,0.5,20.0,0.0,35.0,150.0,1660
2026-08-06T15:57:45.605+03:00,6.164759,V2_CHANNEL_STATUS,Recording TAKEOFF until ALT_HOLD,TAKEOFF,5,1,,0.16,0.2210383488536525,0.0,0.0,356.9999996891463,1000,1668,8,0,1500,1500,1500,2.0,0.5,20.0,0.0,35.0,150.0,1660
2026-08-06T15:57:45.703+03:00,6.263234,V2_CHANNEL_STATUS,Recording TAKEOFF until ALT_HOLD,TAKEOFF,5,1,,0.16,0.2210383488536525,0.0,0.0,356.9999996891463,1000,1672,12,0,1500,1500,1500,2.0,0.5,20.0,0.0,35.0,150.0,1660
2026-08-06T15:57:45.807+03:00,6.366511,V2_CHANNEL_STATUS,Recording TAKEOFF until ALT_HOLD,TAKEOFF,5,1,,0.16,0.2210383488536525,0.0,0.0,356.9999996891463,1000,1668,8,0,1500,1500,1500,2.0,0.5,20.0,0.0,35.0,150.0,1660
2026-08-06T15:57:45.905+03:00,6.464761,V2_CHANNEL_STATUS,Recording TAKEOFF until ALT_HOLD,TAKEOFF,5,1,,0.16,0.2210383488536525,0.0,0.0,356.9999996891463,1000,1669,9,0,1500,1500,1500,2.0,0.5,20.0,0.0,35.0,150.0,1660
2026-08-06T15:57:46.003+03:00,6.562983,V2_CHANNEL_STATUS,Recording TAKEOFF until ALT_HOLD,TAKEOFF,5,1,,0.16,0.2210383488536525,0.0,0.0,356.9999996891463,1000,1670,10,0,1500,1500,1500,2.0,0.5,20.0,0.0,35.0,150.0,1660
2026-08-06T15:57:46.055+03:00,6.614918,GLOBAL_POSITION_INT,Recording TAKEOFF until ALT_HOLD,TAKEOFF,5,1,,0.26,0.1991946992772896,0.0,0.0,356.9999996891463,1000,1670,10,0,1500,1500,1500,2.0,0.5,20.0,0.0,35.0,150.0,1660
2026-08-06T15:57:46.055+03:00,6.615176,RC_CHANNELS,Recording TAKEOFF until ALT_HOLD,TAKEOFF,5,1,,0.26,0.1991946992772896,0.0,0.0,356.9999996891463,1000,1670,10,0,1500,1500,1500,2.0,0.5,20.0,0.0,35.0,150.0,1660
2026-08-06T15:57:46.107+03:00,6.667123,V2_CHANNEL_STATUS,Recording TAKEOFF until ALT_HOLD,TAKEOFF,5,1,,0.26,0.1991946992772896,0.0,0.0,356.9999996891463,1000,1662,2,0,1500,1500,1500,2.0,0.5,20.0,0.0,35.0,150.0,1660
2026-08-06T15:57:46.205+03:00,6.765374,V2_CHANNEL_STATUS,Recording TAKEOFF until ALT_HOLD,TAKEOFF,5,1,,0.26,0.1991946992772896,0.0,0.0,356.9999996891463,1000,1663,3,0,1500,1500,1500,2.0,0.5,20.0,0.0,35.0,150.0,1660
2026-08-06T15:57:46.304+03:00,6.863676,V2_CHANNEL_STATUS,Recording TAKEOFF until ALT_HOLD,TAKEOFF,5,1,,0.26,0.1991946992772896,0.0,0.0,356.9999996891463,1000,1660,0,0,1500,1500,1500,2.0,0.5,20.0,0.0,35.0,150.0,1660
2026-08-06T15:57:46.407+03:00,6.966703,V2_CHANNEL_STATUS,Recording TAKEOFF until ALT_HOLD,TAKEOFF,5,1,,0.26,0.1991946992772896,0.0,0.0,356.9999996891463,1000,1664,4,0,1500,1500,1500,2.0,0.5,20.0,0.0,35.0,150.0,1660
2026-08-06T15:57:46.505+03:00,7.064632,V2_CHANNEL_STATUS,Recording TAKEOFF until ALT_HOLD,TAKEOFF,5,1,,0.26,0.1991946992772896,0.0,0.0,356.9999996891463,1000,1665,5,0,1500,1500,1500,2.0,0.5,20.0,0.0,35.0,150.0,1660
2026-08-06T15:57:46.557+03:00,7.116531,GLOBAL_POSITION_INT,Recording TAKEOFF until ALT_HOLD,TAKEOFF,5,1,,0.52,0.5182989191338866,0.0,0.0,356.9999996891463,1000,1665,5,0,1500,1500,1500,2.0,0.5,20.0,0.0,35.0,150.0,1660
2026-08-06T15:57:46.557+03:00,7.116764,RC_CHANNELS,Recording TAKEOFF until ALT_HOLD,TAKEOFF,5,1,,0.52,0.5182989191338866,0.0,0.0,356.9999996891463,1000,1665,5,0,1500,1500,1500,2.0,0.5,20.0,0.0,35.0,150.0,1660
2026-08-06T15:57:46.609+03:00,7.168454,V2_CHANNEL_STATUS,Recording TAKEOFF until ALT_HOLD,TAKEOFF,5,1,,0.52,0.5182989191338866,0.0,0.0,356.9999996891463,1000,1667,7,0,1500,1500,1500,2.0,0.5,20.0,0.0,35.0,150.0,1660
2026-08-06T15:57:46.707+03:00,7.266606,V2_CHANNEL_STATUS,Recording TAKEOFF until ALT_HOLD,TAKEOFF,5,1,,0.52,0.5182989191338866,0.0,0.0,356.9999996891463,1000,1668,8,0,1500,1500,1500,2.0,0.5,20.0,0.0,35.0,150.0,1660
2026-08-06T15:57:46.805+03:00,7.364414,V2_CHANNEL_STATUS,Recording TAKEOFF until ALT_HOLD,TAKEOFF,5,1,,0.52,0.5182989191338866,0.0,0.0,356.9999996891463,1000,1657,-3,0,1500,1500,1500,2.0,0.5,20.0,0.0,35.0,150.0,1660
2026-08-06T15:57:46.908+03:00,7.467637,V2_CHANNEL_STATUS,Recording TAKEOFF until ALT_HOLD,TAKEOFF,5,1,,0.52,0.5182989191338866,0.0,0.0,356.9999996891463,1000,1657,-3,0,1500,1500,1500,2.0,0.5,20.0,0.0,35.0,150.0,1660
2026-08-06T15:57:47.006+03:00,7.565735,V2_CHANNEL_STATUS,Recording TAKEOFF until ALT_HOLD,TAKEOFF,5,1,,0.52,0.5182989191338866,0.0,0.0,356.9999996891463,1000,1658,-2,0,1500,1500,1500,2.0,0.5,20.0,0.0,35.0,150.0,1660
2026-08-06T15:57:47.058+03:00,7.617420,GLOBAL_POSITION_INT,Recording TAKEOFF until ALT_HOLD,TAKEOFF,5,1,,0.8,0.5589982236943171,0.0,0.0,356.9999996891463,1000,1658,-2,0,1500,1500,1500,2.0,0.5,20.0,0.0,35.0,150.0,1660
2026-08-06T15:57:47.058+03:00,7.617734,RC_CHANNELS,Recording TAKEOFF until ALT_HOLD,TAKEOFF,5,1,,0.8,0.5589982236943171,0.0,0.0,356.9999996891463,1000,1658,-2,0,1500,1500,1500,2.0,0.5,20.0,0.0,35.0,150.0,1660
2026-08-06T15:57:47.110+03:00,7.669484,V2_CHANNEL_STATUS,Recording TAKEOFF until ALT_HOLD,TAKEOFF,5,1,,0.8,0.5589982236943171,0.0,0.0,356.9999996891463,1000,1664,4,0,1500,1500,1500,2.0,0.5,20.0,0.0,35.0,150.0,1660
2026-08-06T15:57:47.209+03:00,7.768594,V2_CHANNEL_STATUS,Recording TAKEOFF until ALT_HOLD,TAKEOFF,5,1,,0.8,0.5589982236943171,0.0,0.0,356.9999996891463,1000,1665,5,0,1500,1500,1500,2.0,0.5,20.0,0.0,35.0,150.0,1660
2026-08-06T15:57:47.307+03:00,7.867331,V2_CHANNEL_STATUS,Recording TAKEOFF until ALT_HOLD,TAKEOFF,5,1,,0.8,0.5589982236943171,0.0,0.0,356.9999996891463,1000,1665,5,0,1500,1500,1500,2.0,0.5,20.0,0.0,35.0,150.0,1660
2026-08-06T15:57:47.405+03:00,7.965399,V2_CHANNEL_STATUS,Recording TAKEOFF until ALT_HOLD,TAKEOFF,5,1,,0.8,0.5589982236943171,0.0,0.0,356.9999996891463,1000,1660,0,0,1500,1500,1500,2.0,0.5,20.0,0.0,35.0,150.0,1660
2026-08-06T15:57:47.508+03:00,8.068291,V2_CHANNEL_STATUS,Recording TAKEOFF until ALT_HOLD,TAKEOFF,5,1,,0.8,0.5589982236943171,0.0,0.0,356.9999996891463,1000,1660,0,0,1500,1500,1500,2.0,0.5,20.0,0.0,35.0,150.0,1660
2026-08-06T15:57:47.555+03:00,8.115044,GLOBAL_POSITION_INT,Recording TAKEOFF until ALT_HOLD,TAKEOFF,5,1,,1.08,0.5626839846581879,0.0,0.0,356.9999996891463,1000,1660,0,0,1500,1500,1500,2.0,0.5,20.0,0.0,35.0,150.0,1660
2026-08-06T15:57:47.555+03:00,8.115371,RC_CHANNELS,Recording TAKEOFF until ALT_HOLD,TAKEOFF,5,1,,1.08,0.5626839846581879,0.0,0.0,356.9999996891463,1000,1660,0,0,1500,1500,1500,2.0,0.5,20.0,0.0,35.0,150.0,1660
2026-08-06T15:57:47.608+03:00,8.167634,V2_CHANNEL_STATUS,Recording TAKEOFF until ALT_HOLD,TAKEOFF,5,1,,1.08,0.5626839846581879,0.0,0.0,356.9999996891463,1000,1651,-9,0,1500,1500,1500,2.0,0.5,20.0,0.0,35.0,150.0,1660
2026-08-06T15:57:47.706+03:00,8.265756,V2_CHANNEL_STATUS,Recording TAKEOFF until ALT_HOLD,TAKEOFF,5,1,,1.08,0.5626839846581879,0.0,0.0,356.9999996891463,1000,1656,-4,0,1500,1500,1500,2.0,0.5,20.0,0.0,35.0,150.0,1660
2026-08-06T15:57:47.809+03:00,8.368983,V2_CHANNEL_STATUS,Recording TAKEOFF until ALT_HOLD,TAKEOFF,5,1,,1.08,0.5626839846581879,0.0,0.0,356.9999996891463,1000,1656,-4,0,1500,1500,1500,2.0,0.5,20.0,0.0,35.0,150.0,1660
2026-08-06T15:57:47.907+03:00,8.466972,V2_CHANNEL_STATUS,Recording TAKEOFF until ALT_HOLD,TAKEOFF,5,1,,1.08,0.5626839846581879,0.0,0.0,356.9999996891463,1000,1660,0,0,1500,1500,1500,2.0,0.5,20.0,0.0,35.0,150.0,1660
2026-08-06T15:57:48.010+03:00,8.570215,V2_CHANNEL_STATUS,Recording TAKEOFF until ALT_HOLD,TAKEOFF,5,1,,1.08,0.5626839846581879,0.0,0.0,356.9999996891463,1000,1660,0,0,1500,1500,1500,2.0,0.5,20.0,0.0,35.0,150.0,1660
2026-08-06T15:57:48.057+03:00,8.616793,GLOBAL_POSITION_INT,Recording TAKEOFF until ALT_HOLD,TAKEOFF,5,1,,1.24,0.31887810707669845,0.0,0.0,356.9999996891463,1000,1660,0,0,1500,1500,1500,2.0,0.5,20.0,0.0,35.0,150.0,1660
2026-08-06T15:57:48.057+03:00,8.617018,RC_CHANNELS,Recording TAKEOFF until ALT_HOLD,TAKEOFF,5,1,,1.24,0.31887810707669845,0.0,0.0,356.9999996891463,1000,1660,0,0,1500,1500,1500,2.0,0.5,20.0,0.0,35.0,150.0,1660
2026-08-06T15:57:48.109+03:00,8.668662,V2_CHANNEL_STATUS,Recording TAKEOFF until ALT_HOLD,TAKEOFF,5,1,,1.24,0.31887810707669845,0.0,0.0,356.9999996891463,1000,1660,0,0,1500,1500,1500,2.0,0.5,20.0,0.0,35.0,150.0,1660
2026-08-06T15:57:48.207+03:00,8.766701,V2_CHANNEL_STATUS,Recording TAKEOFF until ALT_HOLD,TAKEOFF,5,1,,1.24,0.31887810707669845,0.0,0.0,356.9999996891463,1000,1660,0,0,1500,1500,1500,2.0,0.5,20.0,0.0,35.0,150.0,1660
2026-08-06T15:57:48.310+03:00,8.869924,V2_CHANNEL_STATUS,Recording TAKEOFF until ALT_HOLD,TAKEOFF,5,1,,1.24,0.31887810707669845,0.0,0.0,356.9999996891463,1000,1657,-3,0,1500,1500,1500,2.0,0.5,20.0,0.0,35.0,150.0,1660
2026-08-06T15:57:48.408+03:00,8.968102,V2_CHANNEL_STATUS,Recording TAKEOFF until ALT_HOLD,TAKEOFF,5,1,,1.24,0.31887810707669845,0.0,0.0,356.9999996891463,1000,1650,-10,0,1500,1500,1500,2.0,0.5,20.0,0.0,35.0,150.0,1660
2026-08-06T15:57:48.511+03:00,9.071004,V2_CHANNEL_STATUS,Recording TAKEOFF until ALT_HOLD,TAKEOFF,5,1,,1.24,0.31887810707669845,0.0,0.0,356.9999996891463,1000,1650,-10,0,1500,1500,1500,2.0,0.5,20.0,0.0,35.0,150.0,1660
2026-08-06T15:57:48.558+03:00,9.117699,GLOBAL_POSITION_INT,Recording TAKEOFF until ALT_HOLD,TAKEOFF,5,1,,1.55,0.6188881390348693,0.0,0.0,356.9999996891463,1000,1650,-10,0,1500,1500,1500,2.0,0.5,20.0,0.0,35.0,150.0,1660
2026-08-06T15:57:48.558+03:00,9.117939,RC_CHANNELS,Recording TAKEOFF until ALT_HOLD,TAKEOFF,5,1,,1.55,0.6188881390348693,0.0,0.0,356.9999996891463,1000,1650,-10,0,1500,1500,1500,2.0,0.5,20.0,0.0,35.0,150.0,1660
2026-08-06T15:57:48.610+03:00,9.170140,V2_CHANNEL_STATUS,Recording TAKEOFF until ALT_HOLD,TAKEOFF,5,1,,1.55,0.6188881390348693,0.0,0.0,356.9999996891463,1000,1657,-3,0,1500,1500,1500,2.0,0.5,20.0,0.0,35.0,150.0,1660
2026-08-06T15:57:48.708+03:00,9.267924,V2_CHANNEL_STATUS,Recording TAKEOFF until ALT_HOLD,TAKEOFF,5,1,,1.55,0.6188881390348693,0.0,0.0,356.9999996891463,1000,1654,-6,0,1500,1500,1500,2.0,0.5,20.0,0.0,35.0,150.0,1660
2026-08-06T15:57:48.811+03:00,9.370996,V2_CHANNEL_STATUS,Recording TAKEOFF until ALT_HOLD,TAKEOFF,5,1,,1.55,0.6188881390348693,0.0,0.0,356.9999996891463,1000,1654,-6,0,1500,1500,1500,2.0,0.5,20.0,0.0,35.0,150.0,1660
2026-08-06T15:57:48.909+03:00,9.468801,V2_CHANNEL_STATUS,Recording TAKEOFF until ALT_HOLD,TAKEOFF,5,1,,1.55,0.6188881390348693,0.0,0.0,356.9999996891463,1000,1639,-21,0,1500,1500,1500,2.0,0.5,20.0,0.0,35.0,150.0,1660
2026-08-06T15:57:49.012+03:00,9.571981,V2_CHANNEL_STATUS,Recording TAKEOFF until ALT_HOLD,TAKEOFF,5,1,,1.55,0.6188881390348693,0.0,0.0,356.9999996891463,1000,1639,-21,0,1500,1500,1500,2.0,0.5,20.0,0.0,35.0,150.0,1660
2026-08-06T15:57:49.059+03:00,9.618549,GLOBAL_POSITION_INT,Recording TAKEOFF until ALT_HOLD,TAKEOFF,5,1,,1.81,0.5191281761502684,0.0,0.0,356.9999996891463,1000,1639,-21,0,1500,1500,1500,2.0,0.5,20.0,0.0,35.0,150.0,1660
2026-08-06T15:57:49.059+03:00,9.618795,RC_CHANNELS,Recording TAKEOFF until ALT_HOLD,TAKEOFF,5,1,,1.81,0.5191281761502684,0.0,0.0,356.9999996891463,1000,1639,-21,0,1500,1500,1500,2.0,0.5,20.0,0.0,35.0,150.0,1660
2026-08-06T15:57:49.110+03:00,9.670397,V2_CHANNEL_STATUS,Recording TAKEOFF until ALT_HOLD,TAKEOFF,5,1,,1.81,0.5191281761502684,0.0,0.0,356.9999996891463,1000,1648,-12,0,1500,1500,1500,2.0,0.5,20.0,0.0,35.0,150.0,1660
2026-08-06T15:57:49.208+03:00,9.768402,V2_CHANNEL_STATUS,Recording TAKEOFF until ALT_HOLD,TAKEOFF,5,1,,1.81,0.5191281761502684,0.0,0.0,356.9999996891463,1000,1654,-6,0,1500,1500,1500,2.0,0.5,20.0,0.0,35.0,150.0,1660
2026-08-06T15:57:49.311+03:00,9.871323,V2_CHANNEL_STATUS,Recording TAKEOFF until ALT_HOLD,TAKEOFF,5,1,,1.81,0.5191281761502684,0.0,0.0,356.9999996891463,1000,1654,-6,0,1500,1500,1500,2.0,0.5,20.0,0.0,35.0,150.0,1660
2026-08-06T15:57:49.409+03:00,9.969344,V2_CHANNEL_STATUS,Recording TAKEOFF until ALT_HOLD,TAKEOFF,5,1,,1.81,0.5191281761502684,0.0,0.0,356.9999996891463,1000,1649,-11,0,1500,1500,1500,2.0,0.5,20.0,0.0,35.0,150.0,1660
2026-08-06T15:57:49.513+03:00,10.072979,V2_CHANNEL_STATUS,Recording TAKEOFF until ALT_HOLD,TAKEOFF,5,1,,1.81,0.5191281761502684,0.0,0.0,356.9999996891463,1000,1648,-12,0,1500,1500,1500,2.0,0.5,20.0,0.0,35.0,150.0,1660
2026-08-06T15:57:49.555+03:00,10.114722,GLOBAL_POSITION_INT,Recording TAKEOFF until ALT_HOLD,TAKEOFF,5,1,,1.96,0.30231942602336537,0.0,0.0,356.9999996891463,1000,1648,-12,0,1500,1500,1500,2.0,0.5,20.0,0.0,35.0,150.0,1660
2026-08-06T15:57:49.555+03:00,10.115220,RC_CHANNELS,Recording TAKEOFF until ALT_HOLD,TAKEOFF,5,1,,1.96,0.30231942602336537,0.0,0.0,356.9999996891463,1000,1648,-12,0,1500,1500,1500,2.0,0.5,20.0,0.0,35.0,150.0,1660
2026-08-06T15:57:49.612+03:00,10.172180,V2_CHANNEL_STATUS,Recording TAKEOFF until ALT_HOLD,TAKEOFF,5,1,,1.96,0.30231942602336537,0.0,0.0,356.9999996891463,1000,1653,-7,0,1500,1500,1500,2.0,0.5,20.0,0.0,35.0,150.0,1660
2026-08-06T15:57:49.710+03:00,10.269930,V2_CHANNEL_STATUS,Recording TAKEOFF until ALT_HOLD,TAKEOFF,5,1,,1.96,0.30231942602336537,0.0,0.0,356.9999996891463,1000,1653,-7,0,1500,1500,1500,2.0,0.5,20.0,0.0,35.0,150.0,1660
2026-08-06T15:57:49.813+03:00,10.372999,V2_CHANNEL_STATUS,Recording TAKEOFF until ALT_HOLD,TAKEOFF,5,1,,1.96,0.30231942602336537,0.0,0.0,356.9999996891463,1000,1649,-11,0,1500,1500,1500,2.0,0.5,20.0,0.0,35.0,150.0,1660
2026-08-06T15:57:49.911+03:00,10.470865,V2_CHANNEL_STATUS,Recording TAKEOFF until ALT_HOLD,TAKEOFF,5,1,,1.96,0.30231942602336537,0.0,0.0,356.9999996891463,1000,1649,-11,0,1500,1500,1500,2.0,0.5,20.0,0.0,35.0,150.0,1660
2026-08-06T15:57:50.014+03:00,10.573901,V2_CHANNEL_STATUS,Recording TAKEOFF until ALT_HOLD,TAKEOFF,5,1,,1.96,0.30231942602336537,0.0,0.0,356.9999996891463,1000,1654,-6,0,1500,1500,1500,2.0,0.5,20.0,0.0,35.0,150.0,1660
2026-08-06T15:57:50.055+03:00,10.615286,GLOBAL_POSITION_INT,Recording TAKEOFF until ALT_HOLD,TAKEOFF,5,1,,2.07,0.21974235562616581,0.0,0.0,356.9999996891463,1000,1654,-6,0,1500,1500,1500,2.0,0.5,20.0,0.0,35.0,150.0,1660
2026-08-06T15:57:50.056+03:00,10.615500,RC_CHANNELS,Recording TAKEOFF until ALT_HOLD,TAKEOFF,5,1,,2.07,0.21974235562616581,0.0,0.0,356.9999996891463,1000,1654,-6,0,1500,1500,1500,2.0,0.5,20.0,0.0,35.0,150.0,1660
2026-08-06T15:57:50.113+03:00,10.672605,V2_CHANNEL_STATUS,Recording TAKEOFF until ALT_HOLD,TAKEOFF,5,1,,2.07,0.21974235562616581,0.0,0.0,356.9999996891463,1000,1654,-6,0,1500,1500,1500,2.0,0.5,20.0,0.0,35.0,150.0,1660
2026-08-06T15:57:50.211+03:00,10.771030,V2_CHANNEL_STATUS,Recording TAKEOFF until ALT_HOLD,TAKEOFF,5,1,,2.07,0.21974235562616581,0.0,0.0,356.9999996891463,1000,1657,-3,0,1500,1500,1500,2.0,0.5,20.0,0.0,35.0,150.0,1660
2026-08-06T15:57:50.315+03:00,10.874541,V2_CHANNEL_STATUS,Recording TAKEOFF until ALT_HOLD,TAKEOFF,5,1,,2.07,0.21974235562616581,0.0,0.0,356.9999996891463,1000,1657,-3,0,1500,1500,1500,2.0,0.5,20.0,0.0,35.0,150.0,1660
2026-08-06T15:57:50.413+03:00,10.972914,V2_CHANNEL_STATUS,Recording TAKEOFF until ALT_HOLD,TAKEOFF,5,1,,2.07,0.21974235562616581,0.0,0.0,356.9999996891463,1000,1659,-1,0,1500,1500,1500,2.0,0.5,20.0,0.0,35.0,150.0,1660
2026-08-06T15:57:50.512+03:00,11.071605,V2_CHANNEL_STATUS,Recording TAKEOFF until ALT_HOLD,TAKEOFF,5,1,,2.07,0.21974235562616581,0.0,0.0,356.9999996891463,1000,1659,-1,0,1500,1500,1500,2.0,0.5,20.0,0.0,35.0,150.0,1660
2026-08-06T15:57:50.558+03:00,11.118156,GLOBAL_POSITION_INT,Recording TAKEOFF until ALT_HOLD,TAKEOFF,5,1,,2.08,0.01988566846254186,0.0,0.0,356.9999996891463,1000,1659,-1,0,1500,1500,1500,2.0,0.5,20.0,0.0,35.0,150.0,1660
2026-08-06T15:57:50.559+03:00,11.118395,RC_CHANNELS,Recording TAKEOFF until ALT_HOLD,TAKEOFF,5,1,,2.08,0.01988566846254186,0.0,0.0,356.9999996891463,1000,1659,-1,0,1500,1500,1500,2.0,0.5,20.0,0.0,35.0,150.0,1660
2026-08-06T15:57:50.615+03:00,11.175125,V2_CHANNEL_STATUS,Recording TAKEOFF until ALT_HOLD,TAKEOFF,5,1,,2.08,0.01988566846254186,0.0,0.0,356.9999996891463,1000,1659,-1,0,1500,1500,1500,2.0,0.5,20.0,0.0,35.0,150.0,1660
2026-08-06T15:57:50.713+03:00,11.272948,V2_CHANNEL_STATUS,Recording TAKEOFF until ALT_HOLD,TAKEOFF,5,1,,2.08,0.01988566846254186,0.0,0.0,356.9999996891463,1000,1659,-1,0,1500,1500,1500,2.0,0.5,20.0,0.0,35.0,150.0,1660
2026-08-06T15:57:50.816+03:00,11.375911,V2_CHANNEL_STATUS,Recording TAKEOFF until ALT_HOLD,TAKEOFF,5,1,,2.08,0.01988566846254186,0.0,0.0,356.9999996891463,1000,1659,-1,0,1500,1500,1500,2.0,0.5,20.0,0.0,35.0,150.0,1660
2026-08-06T15:57:50.914+03:00,11.474074,V2_CHANNEL_STATUS,Recording TAKEOFF until ALT_HOLD,TAKEOFF,5,1,,2.08,0.01988566846254186,0.0,0.0,356.9999996891463,1000,1659,-1,0,1500,1500,1500,2.0,0.5,20.0,0.0,35.0,150.0,1660
2026-08-06T15:57:51.013+03:00,11.572468,V2_CHANNEL_STATUS,Recording TAKEOFF until ALT_HOLD,TAKEOFF,5,1,2.060009479522705,2.08,0.01988566846254186,0.0,0.0,356.9999996891463,1000,1659,-1,0,1500,1500,1500,2.0,0.5,20.0,0.0,35.0,150.0,1660
2026-08-06T15:57:51.059+03:00,11.619086,GLOBAL_POSITION_INT,Recording TAKEOFF until ALT_HOLD,TAKEOFF,5,1,2.0200088024139404,2.08,0.0,0.0,0.0,356.9999996891463,1000,1659,-1,0,1500,1500,1500,2.0,0.5,20.0,0.0,35.0,150.0,1660
2026-08-06T15:57:51.059+03:00,11.619303,RC_CHANNELS,Recording TAKEOFF until ALT_HOLD,TAKEOFF,5,1,2.0200088024139404,2.08,0.0,0.0,0.0,356.9999996891463,1000,1659,-1,0,1500,1500,1500,2.0,0.5,20.0,0.0,35.0,150.0,1660
2026-08-06T15:57:51.116+03:00,11.676068,V2_CHANNEL_STATUS,Recording TAKEOFF until ALT_HOLD,TAKEOFF,5,1,2.0,2.08,0.0,0.0,0.0,356.9999996891463,1000,1657,-3,0,1500,1500,1500,2.0,0.5,20.0,0.0,35.0,150.0,1660
2026-08-06T15:57:51.214+03:00,11.774249,V2_CHANNEL_STATUS,Recording TAKEOFF until ALT_HOLD,TAKEOFF,5,1,2.0,2.08,0.0,0.0,0.0,356.9999996891463,1000,1660,0,0,1500,1500,1500,2.0,0.5,20.0,0.0,35.0,150.0,1660
2026-08-06T15:57:51.317+03:00,11.877312,V2_CHANNEL_STATUS,Recording TAKEOFF until ALT_HOLD,TAKEOFF,5,1,2.0,2.08,0.0,0.0,0.0,356.9999996891463,1000,1660,0,0,1500,1500,1500,2.0,0.5,20.0,0.0,35.0,150.0,1660
2026-08-06T15:57:51.416+03:00,11.975678,V2_CHANNEL_STATUS,Recording TAKEOFF until ALT_HOLD,TAKEOFF,5,1,2.0,2.08,0.0,0.0,0.0,356.9999996891463,1000,1663,3,0,1500,1500,1500,2.0,0.5,20.0,0.0,35.0,150.0,1660
2026-08-06T15:57:51.514+03:00,12.073540,V2_CHANNEL_STATUS,Recording TAKEOFF until ALT_HOLD,TAKEOFF,5,1,2.0,2.08,0.0,0.0,0.0,356.9999996891463,1000,1662,2,0,1500,1500,1500,2.0,0.5,20.0,0.0,35.0,150.0,1660
2026-08-06T15:57:51.570+03:00,12.130144,GLOBAL_POSITION_INT,Recording ALT_HOLD response for 15.0 seconds,ALT_HOLD,7,1,2.0,2.0,-0.15653752215084038,0.0,0.0,356.9999996891463,1500,1662,2,0,1500,1500,1500,2.0,0.5,20.0,0.0,35.0,150.0,1660
2026-08-06T15:57:51.571+03:00,12.130402,RC_CHANNELS,Recording ALT_HOLD response for 15.0 seconds,ALT_HOLD,7,1,2.0,2.0,-0.15653752215084038,0.0,0.0,356.9999996891463,1500,1662,2,0,1500,1500,1500,2.0,0.5,20.0,0.0,35.0,150.0,1660
2026-08-06T15:57:51.631+03:00,12.191392,V2_CHANNEL_STATUS,Recording ALT_HOLD response for 15.0 seconds,ALT_HOLD,7,1,2.0,2.0,-0.15653752215084038,0.0,0.0,356.9999996891463,1500,1662,2,0,1500,1500,1500,2.0,0.5,20.0,0.0,35.0,150.0,1660
2026-08-06T15:57:51.733+03:00,12.293012,V2_CHANNEL_STATUS,Recording ALT_HOLD response for 15.0 seconds,ALT_HOLD,7,1,2.0,2.0,-0.15653752215084038,0.0,0.0,356.9999996891463,1500,1660,0,0,1500,1500,1500,2.0,0.5,20.0,0.0,35.0,150.0,1660
2026-08-06T15:57:51.814+03:00,12.374367,V2_CHANNEL_STATUS,Recording ALT_HOLD response for 15.0 seconds,ALT_HOLD,7,1,2.0,2.0,-0.15653752215084038,0.0,0.0,356.9999996891463,1500,1660,0,0,1500,1500,1500,2.0,0.5,20.0,0.0,35.0,150.0,1660
2026-08-06T15:57:51.917+03:00,12.476968,V2_CHANNEL_STATUS,Recording ALT_HOLD response for 15.0 seconds,ALT_HOLD,7,1,2.0,2.0,-0.15653752215084038,0.0,0.0,356.9999996891463,1500,1660,0,0,1500,1500,1500,2.0,0.5,20.0,0.0,35.0,150.0,1660
2026-08-06T15:57:52.019+03:00,12.578664,V2_CHANNEL_STATUS,Recording ALT_HOLD response for 15.0 seconds,ALT_HOLD,7,1,2.0,2.0,-0.15653752215084038,0.0,0.0,356.9999996891463,1500,1660,0,0,1500,1500,1500,2.0,0.5,20.0,0.0,35.0,150.0,1660
2026-08-06T15:57:52.060+03:00,12.619420,GLOBAL_POSITION_INT,Recording ALT_HOLD response for 15.0 seconds,ALT_HOLD,7,1,2.0,2.0,0.0,0.0,0.0,356.9999996891463,1500,1660,0,0,1500,1500,1500,2.0,0.5,20.0,0.0,35.0,150.0,1660
2026-08-06T15:57:52.060+03:00,12.619701,RC_CHANNELS,Recording ALT_HOLD response for 15.0 seconds,ALT_HOLD,7,1,2.0,2.0,0.0,0.0,0.0,356.9999996891463,1500,1660,0,0,1500,1500,1500,2.0,0.5,20.0,0.0,35.0,150.0,1660
2026-08-06T15:57:52.121+03:00,12.680693,V2_CHANNEL_STATUS,Recording ALT_HOLD response for 15.0 seconds,ALT_HOLD,7,1,2.0,2.0,0.0,0.0,0.0,356.9999996891463,1500,1660,0,0,1500,1500,1500,2.0,0.5,20.0,0.0,35.0,150.0,1660
2026-08-06T15:57:52.222+03:00,12.782207,V2_CHANNEL_STATUS,Recording ALT_HOLD response for 15.0 seconds,ALT_HOLD,7,1,2.0,2.0,0.0,0.0,0.0,356.9999996891463,1500,1660,0,0,1500,1500,1500,2.0,0.5,20.0,0.0,35.0,150.0,1660
2026-08-06T15:57:52.324+03:00,12.883824,V2_CHANNEL_STATUS,Recording ALT_HOLD response for 15.0 seconds,ALT_HOLD,7,1,2.0,2.0,0.0,0.0,0.0,356.9999996891463,1500,1660,0,0,1500,1500,1500,2.0,0.5,20.0,0.0,35.0,150.0,1660
2026-08-06T15:57:52.425+03:00,12.985321,V2_CHANNEL_STATUS,Recording ALT_HOLD response for 15.0 seconds,ALT_HOLD,7,1,2.0,2.0,0.0,0.0,0.0,356.9999996891463,1500,1663,3,0,1500,1500,1500,2.0,0.5,20.0,0.0,35.0,150.0,1660
2026-08-06T15:57:52.527+03:00,13.086927,V2_CHANNEL_STATUS,Recording ALT_HOLD response for 15.0 seconds,ALT_HOLD,7,1,2.0,2.0,0.0,0.0,0.0,356.9999996891463,1500,1663,3,0,1500,1500,1500,2.0,0.5,20.0,0.0,35.0,150.0,1660
2026-08-06T15:57:52.568+03:00,13.127665,GLOBAL_POSITION_INT,Recording ALT_HOLD response for 15.0 seconds,ALT_HOLD,7,1,2.0,1.97,-0.059025425415525065,0.0,0.0,356.9999996891463,1500,1663,3,0,1500,1500,1500,2.0,0.5,20.0,0.0,35.0,150.0,1660
2026-08-06T15:57:52.568+03:00,13.127886,RC_CHANNELS,Recording ALT_HOLD response for 15.0 seconds,ALT_HOLD,7,1,2.0,1.97,-0.059025425415525065,0.0,0.0,356.9999996891463,1500,1663,3,0,1500,1500,1500,2.0,0.5,20.0,0.0,35.0,150.0,1660
2026-08-06T15:57:52.629+03:00,13.188843,V2_CHANNEL_STATUS,Recording ALT_HOLD response for 15.0 seconds,ALT_HOLD,7,1,2.0,1.97,-0.059025425415525065,0.0,0.0,356.9999996891463,1500,1663,3,0,1500,1500,1500,2.0,0.5,20.0,0.0,35.0,150.0,1660
2026-08-06T15:57:52.731+03:00,13.290477,V2_CHANNEL_STATUS,Recording ALT_HOLD response for 15.0 seconds,ALT_HOLD,7,1,2.0,1.97,-0.059025425415525065,0.0,0.0,356.9999996891463,1500,1665,5,0,1500,1500,1500,2.0,0.5,20.0,0.0,35.0,150.0,1660
2026-08-06T15:57:52.832+03:00,13.391983,V2_CHANNEL_STATUS,Recording ALT_HOLD response for 15.0 seconds,ALT_HOLD,7,1,2.0,1.97,-0.059025425415525065,0.0,0.0,356.9999996891463,1500,1663,3,0,1500,1500,1500,2.0,0.5,20.0,0.0,35.0,150.0,1660
2026-08-06T15:57:52.934+03:00,13.493837,V2_CHANNEL_STATUS,Recording ALT_HOLD response for 15.0 seconds,ALT_HOLD,7,1,2.0,1.97,-0.059025425415525065,0.0,0.0,356.9999996891463,1500,1663,3,0,1500,1500,1500,2.0,0.5,20.0,0.0,35.0,150.0,1660
2026-08-06T15:57:53.035+03:00,13.595357,V2_CHANNEL_STATUS,Recording ALT_HOLD response for 15.0 seconds,ALT_HOLD,7,1,2.0,1.97,-0.059025425415525065,0.0,0.0,356.9999996891463,1500,1662,2,0,1500,1500,1500,2.0,0.5,20.0,0.0,35.0,150.0,1660
2026-08-06T15:57:53.056+03:00,13.615891,GLOBAL_POSITION_INT,Recording ALT_HOLD response for 15.0 seconds,ALT_HOLD,7,1,2.0,1.92,-0.10241132776664173,0.0,0.0,356.9999996891463,1500,1662,2,0,1500,1500,1500,2.0,0.5,20.0,0.0,35.0,150.0,1660
2026-08-06T15:57:53.056+03:00,13.616104,RC_CHANNELS,Recording ALT_HOLD response for 15.0 seconds,ALT_HOLD,7,1,2.0,1.92,-0.10241132776664173,0.0,0.0,356.9999996891463,1500,1662,2,0,1500,1500,1500,2.0,0.5,20.0,0.0,35.0,150.0,1660
2026-08-06T15:57:53.137+03:00,13.697161,V2_CHANNEL_STATUS,Recording ALT_HOLD response for 15.0 seconds,ALT_HOLD,7,1,2.0,1.92,-0.10241132776664173,0.0,0.0,356.9999996891463,1500,1662,2,0,1500,1500,1500,2.0,0.5,20.0,0.0,35.0,150.0,1660
2026-08-06T15:57:53.219+03:00,13.778467,V2_CHANNEL_STATUS,Recording ALT_HOLD response for 15.0 seconds,ALT_HOLD,7,1,2.0,1.92,-0.10241132776664173,0.0,0.0,356.9999996891463,1500,1662,2,0,1500,1500,1500,2.0,0.5,20.0,0.0,35.0,150.0,1660
2026-08-06T15:57:53.320+03:00,13.880297,V2_CHANNEL_STATUS,Recording ALT_HOLD response for 15.0 seconds,ALT_HOLD,7,1,2.0,1.92,-0.10241132776664173,0.0,0.0,356.9999996891463,1500,1662,2,0,1500,1500,1500,2.0,0.5,20.0,0.0,35.0,150.0,1660
2026-08-06T15:57:53.422+03:00,13.981806,V2_CHANNEL_STATUS,Recording ALT_HOLD response for 15.0 seconds,ALT_HOLD,7,1,2.0,1.92,-0.10241132776664173,0.0,0.0,356.9999996891463,1500,1662,2,0,1500,1500,1500,2.0,0.5,20.0,0.0,35.0,150.0,1660
2026-08-06T15:57:53.524+03:00,14.083529,V2_CHANNEL_STATUS,Recording ALT_HOLD response for 15.0 seconds,ALT_HOLD,7,1,2.0,1.92,-0.10241132776664173,0.0,0.0,356.9999996891463,1500,1662,2,0,1500,1500,1500,2.0,0.5,20.0,0.0,35.0,150.0,1660
2026-08-06T15:57:53.564+03:00,14.124366,GLOBAL_POSITION_INT,Recording ALT_HOLD response for 15.0 seconds,ALT_HOLD,7,1,2.0,1.92,0.0,0.0,0.0,356.9999996891463,1500,1662,2,0,1500,1500,1500,2.0,0.5,20.0,0.0,35.0,150.0,1660
2026-08-06T15:57:53.565+03:00,14.124589,RC_CHANNELS,Recording ALT_HOLD response for 15.0 seconds,ALT_HOLD,7,1,2.0,1.92,0.0,0.0,0.0,356.9999996891463,1500,1662,2,0,1500,1500,1500,2.0,0.5,20.0,0.0,35.0,150.0,1660
2026-08-06T15:57:53.625+03:00,14.185375,V2_CHANNEL_STATUS,Recording ALT_HOLD response for 15.0 seconds,ALT_HOLD,7,1,2.0,1.92,0.0,0.0,0.0,356.9999996891463,1500,1662,2,0,1500,1500,1500,2.0,0.5,20.0,0.0,35.0,150.0,1660
2026-08-06T15:57:53.727+03:00,14.286842,V2_CHANNEL_STATUS,Recording ALT_HOLD response for 15.0 seconds,ALT_HOLD,7,1,2.0,1.92,0.0,0.0,0.0,356.9999996891463,1500,1662,2,0,1500,1500,1500,2.0,0.5,20.0,0.0,35.0,150.0,1660
2026-08-06T15:57:53.828+03:00,14.388329,V2_CHANNEL_STATUS,Recording ALT_HOLD response for 15.0 seconds,ALT_HOLD,7,1,2.0,1.92,0.0,0.0,0.0,356.9999996891463,1500,1662,2,0,1500,1500,1500,2.0,0.5,20.0,0.0,35.0,150.0,1660
2026-08-06T15:57:53.930+03:00,14.489859,V2_CHANNEL_STATUS,Recording ALT_HOLD response for 15.0 seconds,ALT_HOLD,7,1,2.0,1.92,0.0,0.0,0.0,356.9999996891463,1500,1662,2,0,1500,1500,1500,2.0,0.5,20.0,0.0,35.0,150.0,1660
2026-08-06T15:57:54.032+03:00,14.591432,V2_CHANNEL_STATUS,Recording ALT_HOLD response for 15.0 seconds,ALT_HOLD,7,1,2.0,1.92,0.0,0.0,0.0,356.9999996891463,1500,1662,2,0,1500,1500,1500,2.0,0.5,20.0,0.0,35.0,150.0,1660
2026-08-06T15:57:54.072+03:00,14.632179,GLOBAL_POSITION_INT,Recording ALT_HOLD response for 15.0 seconds,ALT_HOLD,7,1,2.0,1.92,0.0,0.0,0.0,356.9999996891463,1500,1662,2,0,1500,1500,1500,2.0,0.5,20.0,0.0,35.0,150.0,1660
2026-08-06T15:57:54.073+03:00,14.632414,RC_CHANNELS,Recording ALT_HOLD response for 15.0 seconds,ALT_HOLD,7,1,2.0,1.92,0.0,0.0,0.0,356.9999996891463,1500,1662,2,0,1500,1500,1500,2.0,0.5,20.0,0.0,35.0,150.0,1660
2026-08-06T15:57:54.134+03:00,14.693524,V2_CHANNEL_STATUS,Recording ALT_HOLD response for 15.0 seconds,ALT_HOLD,7,1,2.0,1.92,0.0,0.0,0.0,356.9999996891463,1500,1662,2,0,1500,1500,1500,2.0,0.5,20.0,0.0,35.0,150.0,1660
2026-08-06T15:57:54.235+03:00,14.795098,V2_CHANNEL_STATUS,Recording ALT_HOLD response for 15.0 seconds,ALT_HOLD,7,1,2.0,1.92,0.0,0.0,0.0,356.9999996891463,1500,1662,2,0,1500,1500,1500,2.0,0.5,20.0,0.0,35.0,150.0,1660
2026-08-06T15:57:54.337+03:00,14.896718,V2_CHANNEL_STATUS,Recording ALT_HOLD response for 15.0 seconds,ALT_HOLD,7,1,2.0,1.92,0.0,0.0,0.0,356.9999996891463,1500,1662,2,0,1500,1500,1500,2.0,0.5,20.0,0.0,35.0,150.0,1660
2026-08-06T15:57:54.438+03:00,14.998088,V2_CHANNEL_STATUS,Recording ALT_HOLD response for 15.0 seconds,ALT_HOLD,7,1,2.0,1.92,0.0,0.0,0.0,356.9999996891463,1500,1662,2,0,1500,1500,1500,2.0,0.5,20.0,0.0,35.0,150.0,1660
2026-08-06T15:57:54.540+03:00,15.099680,V2_CHANNEL_STATUS,Recording ALT_HOLD response for 15.0 seconds,ALT_HOLD,7,1,2.0,1.92,0.0,0.0,0.0,356.9999996891463,1500,1662,2,0,1500,1500,1500,2.0,0.5,20.0,0.0,35.0,150.0,1660
2026-08-06T15:57:54.560+03:00,15.120032,GLOBAL_POSITION_INT,Recording ALT_HOLD response for 15.0 seconds,ALT_HOLD,7,1,2.0,1.92,0.0,0.0,0.0,356.9999996891463,1500,1662,2,0,1500,1500,1500,2.0,0.5,20.0,0.0,35.0,150.0,1660
2026-08-06T15:57:54.560+03:00,15.120255,RC_CHANNELS,Recording ALT_HOLD response for 15.0 seconds,ALT_HOLD,7,1,2.0,1.92,0.0,0.0,0.0,356.9999996891463,1500,1662,2,0,1500,1500,1500,2.0,0.5,20.0,0.0,35.0,150.0,1660
2026-08-06T15:57:54.621+03:00,15.181356,V2_CHANNEL_STATUS,Recording ALT_HOLD response for 15.0 seconds,ALT_HOLD,7,1,2.0,1.92,0.0,0.0,0.0,356.9999996891463,1500,1662,2,0,1500,1500,1500,2.0,0.5,20.0,0.0,35.0,150.0,1660
2026-08-06T15:57:54.723+03:00,15.282957,V2_CHANNEL_STATUS,Recording ALT_HOLD response for 15.0 seconds,ALT_HOLD,7,1,2.0,1.92,0.0,0.0,0.0,356.9999996891463,1500,1662,2,0,1500,1500,1500,2.0,0.5,20.0,0.0,35.0,150.0,1660
2026-08-06T15:57:54.825+03:00,15.384418,V2_CHANNEL_STATUS,Recording ALT_HOLD response for 15.0 seconds,ALT_HOLD,7,1,2.0,1.92,0.0,0.0,0.0,356.9999996891463,1500,1662,2,0,1500,1500,1500,2.0,0.5,20.0,0.0,35.0,150.0,1660
2026-08-06T15:57:54.926+03:00,15.486026,V2_CHANNEL_STATUS,Recording ALT_HOLD response for 15.0 seconds,ALT_HOLD,7,1,2.0,1.92,0.0,0.0,0.0,356.9999996891463,1500,1660,0,0,1500,1500,1500,2.0,0.5,20.0,0.0,35.0,150.0,1660
2026-08-06T15:57:55.028+03:00,15.587539,V2_CHANNEL_STATUS,Recording ALT_HOLD response for 15.0 seconds,ALT_HOLD,7,1,2.0,1.92,0.0,0.0,0.0,356.9999996891463,1500,1655,-5,0,1500,1500,1500,2.0,0.5,20.0,0.0,35.0,150.0,1660
2026-08-06T15:57:55.068+03:00,15.628190,GLOBAL_POSITION_INT,Recording ALT_HOLD response for 15.0 seconds,ALT_HOLD,7,1,2.0,1.97,0.09839589810691185,0.0,0.0,356.9999996891463,1500,1655,-5,0,1500,1500,1500,2.0,0.5,20.0,0.0,35.0,150.0,1660
2026-08-06T15:57:55.069+03:00,15.628433,RC_CHANNELS,Recording ALT_HOLD response for 15.0 seconds,ALT_HOLD,7,1,2.0,1.97,0.09839589810691185,0.0,0.0,356.9999996891463,1500,1655,-5,0,1500,1500,1500,2.0,0.5,20.0,0.0,35.0,150.0,1660
2026-08-06T15:57:55.130+03:00,15.689743,V2_CHANNEL_STATUS,Recording ALT_HOLD response for 15.0 seconds,ALT_HOLD,7,1,2.0,1.97,0.09839589810691185,0.0,0.0,356.9999996891463,1500,1655,-5,0,1500,1500,1500,2.0,0.5,20.0,0.0,35.0,150.0,1660
2026-08-06T15:57:55.232+03:00,15.791742,V2_CHANNEL_STATUS,Recording ALT_HOLD response for 15.0 seconds,ALT_HOLD,7,1,2.0,1.97,0.09839589810691185,0.0,0.0,356.9999996891463,1500,1658,-2,0,1500,1500,1500,2.0,0.5,20.0,0.0,35.0,150.0,1660
2026-08-06T15:57:55.333+03:00,15.893309,V2_CHANNEL_STATUS,Recording ALT_HOLD response for 15.0 seconds,ALT_HOLD,7,1,2.0,1.97,0.09839589810691185,0.0,0.0,356.9999996891463,1500,1658,-2,0,1500,1500,1500,2.0,0.5,20.0,0.0,35.0,150.0,1660
2026-08-06T15:57:55.435+03:00,15.995142,V2_CHANNEL_STATUS,Recording ALT_HOLD response for 15.0 seconds,ALT_HOLD,7,1,2.0,1.97,0.09839589810691185,0.0,0.0,356.9999996891463,1500,1658,-2,0,1500,1500,1500,2.0,0.5,20.0,0.0,35.0,150.0,1660
2026-08-06T15:57:55.537+03:00,16.096749,V2_CHANNEL_STATUS,Recording ALT_HOLD response for 15.0 seconds,ALT_HOLD,7,1,2.0,1.97,0.09839589810691185,0.0,0.0,356.9999996891463,1500,1658,-2,0,1500,1500,1500,2.0,0.5,20.0,0.0,35.0,150.0,1660
2026-08-06T15:57:55.557+03:00,16.117238,GLOBAL_POSITION_INT,Recording ALT_HOLD response for 15.0 seconds,ALT_HOLD,7,1,2.0,2.0,0.06134481891593693,0.0,0.0,356.9999996891463,1500,1658,-2,0,1500,1500,1500,2.0,0.5,20.0,0.0,35.0,150.0,1660
2026-08-06T15:57:55.558+03:00,16.117485,RC_CHANNELS,Recording ALT_HOLD response for 15.0 seconds,ALT_HOLD,7,1,2.0,2.0,0.06134481891593693,0.0,0.0,356.9999996891463,1500,1658,-2,0,1500,1500,1500,2.0,0.5,20.0,0.0,35.0,150.0,1660
2026-08-06T15:57:55.639+03:00,16.199153,V2_CHANNEL_STATUS,Recording ALT_HOLD response for 15.0 seconds,ALT_HOLD,7,1,2.0,2.0,0.06134481891593693,0.0,0.0,356.9999996891463,1500,1660,0,0,1500,1500,1500,2.0,0.5,20.0,0.0,35.0,150.0,1660
2026-08-06T15:57:55.741+03:00,16.301079,V2_CHANNEL_STATUS,Recording ALT_HOLD response for 15.0 seconds,ALT_HOLD,7,1,2.0,2.0,0.06134481891593693,0.0,0.0,356.9999996891463,1500,1660,0,0,1500,1500,1500,2.0,0.5,20.0,0.0,35.0,150.0,1660
2026-08-06T15:57:55.823+03:00,16.382633,V2_CHANNEL_STATUS,Recording ALT_HOLD response for 15.0 seconds,ALT_HOLD,7,1,2.0,2.0,0.06134481891593693,0.0,0.0,356.9999996891463,1500,1660,0,0,1500,1500,1500,2.0,0.5,20.0,0.0,35.0,150.0,1660
2026-08-06T15:57:55.924+03:00,16.484078,V2_CHANNEL_STATUS,Recording ALT_HOLD response for 15.0 seconds,ALT_HOLD,7,1,2.0,2.0,0.06134481891593693,0.0,0.0,356.9999996891463,1500,1660,0,0,1500,1500,1500,2.0,0.5,20.0,0.0,35.0,150.0,1660
2026-08-06T15:57:56.026+03:00,16.585733,V2_CHANNEL_STATUS,Recording ALT_HOLD response for 15.0 seconds,ALT_HOLD,7,1,2.0,2.0,0.06134481891593693,0.0,0.0,356.9999996891463,1500,1660,0,0,1500,1500,1500,2.0,0.5,20.0,0.0,35.0,150.0,1660
2026-08-06T15:57:56.066+03:00,16.626264,GLOBAL_POSITION_INT,Recording ALT_HOLD response for 15.0 seconds,ALT_HOLD,7,1,2.0,2.04,0.07858045739686104,0.0,0.0,356.9999996891463,1500,1660,0,0,1500,1500,1500,2.0,0.5,20.0,0.0,35.0,150.0,1660
2026-08-06T15:57:56.067+03:00,16.626520,RC_CHANNELS,Recording ALT_HOLD response for 15.0 seconds,ALT_HOLD,7,1,2.0,2.04,0.07858045739686104,0.0,0.0,356.9999996891463,1500,1660,0,0,1500,1500,1500,2.0,0.5,20.0,0.0,35.0,150.0,1660
2026-08-06T15:57:56.128+03:00,16.687659,V2_CHANNEL_STATUS,Recording ALT_HOLD response for 15.0 seconds,ALT_HOLD,7,1,2.0,2.04,0.07858045739686104,0.0,0.0,356.9999996891463,1500,1654,-6,0,1500,1500,1500,2.0,0.5,20.0,0.0,35.0,150.0,1660
2026-08-06T15:57:56.229+03:00,16.789289,V2_CHANNEL_STATUS,Recording ALT_HOLD response for 15.0 seconds,ALT_HOLD,7,1,2.0,2.04,0.07858045739686104,0.0,0.0,356.9999996891463,1500,1654,-6,0,1500,1500,1500,2.0,0.5,20.0,0.0,35.0,150.0,1660
2026-08-06T15:57:56.331+03:00,16.890842,V2_CHANNEL_STATUS,Recording ALT_HOLD response for 15.0 seconds,ALT_HOLD,7,1,2.0,2.04,0.07858045739686104,0.0,0.0,356.9999996891463,1500,1654,-6,0,1500,1500,1500,2.0,0.5,20.0,0.0,35.0,150.0,1660
2026-08-06T15:57:56.433+03:00,16.992659,V2_CHANNEL_STATUS,Recording ALT_HOLD response for 15.0 seconds,ALT_HOLD,7,1,2.0,2.04,0.07858045739686104,0.0,0.0,356.9999996891463,1500,1656,-4,0,1500,1500,1500,2.0,0.5,20.0,0.0,35.0,150.0,1660
2026-08-06T15:57:56.534+03:00,17.094294,V2_CHANNEL_STATUS,Recording ALT_HOLD response for 15.0 seconds,ALT_HOLD,7,1,2.0,2.04,0.07858045739686104,0.0,0.0,356.9999996891463,1500,1656,-4,0,1500,1500,1500,2.0,0.5,20.0,0.0,35.0,150.0,1660
2026-08-06T15:57:56.575+03:00,17.134955,GLOBAL_POSITION_INT,Recording ALT_HOLD response for 15.0 seconds,ALT_HOLD,7,1,2.0,2.08,0.0786350029824681,0.0,0.0,356.9999996891463,1500,1656,-4,0,1500,1500,1500,2.0,0.5,20.0,0.0,35.0,150.0,1660
2026-08-06T15:57:56.575+03:00,17.135189,RC_CHANNELS,Recording ALT_HOLD response for 15.0 seconds,ALT_HOLD,7,1,2.0,2.08,0.0786350029824681,0.0,0.0,356.9999996891463,1500,1656,-4,0,1500,1500,1500,2.0,0.5,20.0,0.0,35.0,150.0,1660
2026-08-06T15:57:56.637+03:00,17.196442,V2_CHANNEL_STATUS,Recording ALT_HOLD response for 15.0 seconds,ALT_HOLD,7,1,2.0,2.08,0.0786350029824681,0.0,0.0,356.9999996891463,1500,1657,-3,0,1500,1500,1500,2.0,0.5,20.0,0.0,35.0,150.0,1660
2026-08-06T15:57:56.738+03:00,17.298358,V2_CHANNEL_STATUS,Recording ALT_HOLD response for 15.0 seconds,ALT_HOLD,7,1,2.0,2.08,0.0786350029824681,0.0,0.0,356.9999996891463,1500,1657,-3,0,1500,1500,1500,2.0,0.5,20.0,0.0,35.0,150.0,1660
2026-08-06T15:57:56.840+03:00,17.400135,V2_CHANNEL_STATUS,Recording ALT_HOLD response for 15.0 seconds,ALT_HOLD,7,1,2.0,2.08,0.0786350029824681,0.0,0.0,356.9999996891463,1500,1660,0,0,1500,1500,1500,2.0,0.5,20.0,0.0,35.0,150.0,1660
2026-08-06T15:57:56.942+03:00,17.501858,V2_CHANNEL_STATUS,Recording ALT_HOLD response for 15.0 seconds,ALT_HOLD,7,1,2.0,2.08,0.0786350029824681,0.0,0.0,356.9999996891463,1500,1660,0,0,1500,1500,1500,2.0,0.5,20.0,0.0,35.0,150.0,1660
2026-08-06T15:57:57.044+03:00,17.603583,V2_CHANNEL_STATUS,Recording ALT_HOLD response for 15.0 seconds,ALT_HOLD,7,1,2.0,2.08,0.0786350029824681,0.0,0.0,356.9999996891463,1500,1664,4,0,1500,1500,1500,2.0,0.5,20.0,0.0,35.0,150.0,1660
2026-08-06T15:57:57.064+03:00,17.623991,GLOBAL_POSITION_INT,Recording ALT_HOLD response for 15.0 seconds,ALT_HOLD,7,1,2.0,2.02,-0.12268722214920481,0.0,0.0,356.9999996891463,1500,1664,4,0,1500,1500,1500,2.0,0.5,20.0,0.0,35.0,150.0,1660
2026-08-06T15:57:57.064+03:00,17.624220,RC_CHANNELS,Recording ALT_HOLD response for 15.0 seconds,ALT_HOLD,7,1,2.0,2.02,-0.12268722214920481,0.0,-0.09999999922536333,356.9999996891463,1500,1664,4,0,1500,1500,1500,2.0,0.5,20.0,0.0,35.0,150.0,1660
2026-08-06T15:57:57.126+03:00,17.685421,V2_CHANNEL_STATUS,Recording ALT_HOLD response for 15.0 seconds,ALT_HOLD,7,1,2.0,2.02,-0.12268722214920481,0.0,-0.09999999922536333,356.9999996891463,1500,1664,4,0,1500,1500,1500,2.0,0.5,20.0,0.0,35.0,150.0,1660
2026-08-06T15:57:57.227+03:00,17.787067,V2_CHANNEL_STATUS,Recording ALT_HOLD response for 15.0 seconds,ALT_HOLD,7,1,2.0,2.02,-0.12268722214920481,0.0,-0.09999999922536333,356.9999996891463,1500,1660,0,0,1500,1500,1500,2.0,0.5,20.0,0.0,35.0,150.0,1660
2026-08-06T15:57:57.329+03:00,17.888915,V2_CHANNEL_STATUS,Recording ALT_HOLD response for 15.0 seconds,ALT_HOLD,7,1,2.0,2.02,-0.12268722214920481,0.0,-0.09999999922536333,356.9999996891463,1500,1661,1,0,1500,1500,1500,2.0,0.5,20.0,0.0,35.0,150.0,1660
2026-08-06T15:57:57.431+03:00,17.990699,V2_CHANNEL_STATUS,Recording ALT_HOLD response for 15.0 seconds,ALT_HOLD,7,1,2.0,2.02,-0.12268722214920481,0.0,-0.09999999922536333,356.9999996891463,1500,1661,1,0,1500,1500,1500,2.0,0.5,20.0,0.0,35.0,150.0,1660
2026-08-06T15:57:57.533+03:00,18.092545,V2_CHANNEL_STATUS,Recording ALT_HOLD response for 15.0 seconds,ALT_HOLD,7,1,2.0,2.02,-0.12268722214920481,0.0,-0.09999999922536333,356.9999996891463,1500,1660,0,0,1500,1500,1500,2.0,0.5,20.0,0.0,35.0,150.0,1660
2026-08-06T15:57:57.573+03:00,18.133183,GLOBAL_POSITION_INT,Recording ALT_HOLD response for 15.0 seconds,ALT_HOLD,7,1,2.0,2.0,-0.0392778947596298,0.0,-0.09999999922536333,356.9999996891463,1500,1660,0,0,1500,1500,1500,2.0,0.5,20.0,0.0,35.0,150.0,1660
2026-08-06T15:57:57.574+03:00,18.133418,RC_CHANNELS,Recording ALT_HOLD response for 15.0 seconds,ALT_HOLD,7,1,2.0,2.0,-0.0392778947596298,0.0,0.0,356.9999996891463,1500,1660,0,0,1500,1500,1500,2.0,0.5,20.0,0.0,35.0,150.0,1660
2026-08-06T15:57:57.635+03:00,18.194741,V2_CHANNEL_STATUS,Recording ALT_HOLD response for 15.0 seconds,ALT_HOLD,7,1,2.0,2.0,-0.0392778947596298,0.0,0.0,356.9999996891463,1500,1660,0,0,1500,1500,1500,2.0,0.5,20.0,0.0,35.0,150.0,1660
2026-08-06T15:57:57.737+03:00,18.296642,V2_CHANNEL_STATUS,Recording ALT_HOLD response for 15.0 seconds,ALT_HOLD,7,1,2.0,2.0,-0.0392778947596298,0.0,0.0,356.9999996891463,1500,1660,0,0,1500,1500,1500,2.0,0.5,20.0,0.0,35.0,150.0,1660
2026-08-06T15:57:57.839+03:00,18.398442,V2_CHANNEL_STATUS,Recording ALT_HOLD response for 15.0 seconds,ALT_HOLD,7,1,2.0,2.0,-0.0392778947596298,0.0,0.0,356.9999996891463,1500,1660,0,0,1500,1500,1500,2.0,0.5,20.0,0.0,35.0,150.0,1660
2026-08-06T15:57:57.940+03:00,18.500074,V2_CHANNEL_STATUS,Recording ALT_HOLD response for 15.0 seconds,ALT_HOLD,7,1,2.0,2.0,-0.0392778947596298,0.0,0.0,356.9999996891463,1500,1660,0,0,1500,1500,1500,2.0,0.5,20.0,0.0,35.0,150.0,1660
2026-08-06T15:57:58.042+03:00,18.601735,V2_CHANNEL_STATUS,Recording ALT_HOLD response for 15.0 seconds,ALT_HOLD,7,1,2.0,2.0,-0.0392778947596298,0.0,0.0,356.9999996891463,1500,1665,5,0,1500,1500,1500,2.0,0.5,20.0,0.0,35.0,150.0,1660
2026-08-06T15:57:58.062+03:00,18.622082,GLOBAL_POSITION_INT,Recording ALT_HOLD response for 15.0 seconds,ALT_HOLD,7,1,2.0,1.97,-0.06136208938591907,0.0,0.0,356.9999996891463,1500,1665,5,0,1500,1500,1500,2.0,0.5,20.0,0.0,35.0,150.0,1660
2026-08-06T15:57:58.062+03:00,18.622338,RC_CHANNELS,Recording ALT_HOLD response for 15.0 seconds,ALT_HOLD,7,1,2.0,1.97,-0.06136208938591907,0.0,0.0,356.9999996891463,1500,1665,5,0,1500,1500,1500,2.0,0.5,20.0,0.0,35.0,150.0,1660
2026-08-06T15:57:58.144+03:00,18.703714,V2_CHANNEL_STATUS,Recording ALT_HOLD response for 15.0 seconds,ALT_HOLD,7,1,2.0,1.97,-0.06136208938591907,0.0,0.0,356.9999996891463,1500,1665,5,0,1500,1500,1500,2.0,0.5,20.0,0.0,35.0,150.0,1660
2026-08-06T15:57:58.245+03:00,18.805398,V2_CHANNEL_STATUS,Recording ALT_HOLD response for 15.0 seconds,ALT_HOLD,7,1,2.0,1.97,-0.06136208938591907,0.0,0.0,356.9999996891463,1500,1666,6,0,1500,1500,1500,2.0,0.5,20.0,0.0,35.0,150.0,1660
2026-08-06T15:57:58.347+03:00,18.906954,V2_CHANNEL_STATUS,Recording ALT_HOLD response for 15.0 seconds,ALT_HOLD,7,1,2.0,1.97,-0.06136208938591907,0.0,0.0,356.9999996891463,1500,1666,6,0,1500,1500,1500,2.0,0.5,20.0,0.0,35.0,150.0,1660
2026-08-06T15:57:58.428+03:00,18.988166,V2_CHANNEL_STATUS,Recording ALT_HOLD response for 15.0 seconds,ALT_HOLD,7,1,2.0,1.97,-0.06136208938591907,0.0,0.0,356.9999996891463,1500,1663,3,0,1500,1500,1500,2.0,0.5,20.0,0.0,35.0,150.0,1660
2026-08-06T15:57:58.530+03:00,19.090012,V2_CHANNEL_STATUS,Recording ALT_HOLD response for 15.0 seconds,ALT_HOLD,7,1,2.0,1.97,-0.06136208938591907,0.0,0.0,356.9999996891463,1500,1662,2,0,1500,1500,1500,2.0,0.5,20.0,0.0,35.0,150.0,1660
2026-08-06T15:57:58.571+03:00,19.130642,GLOBAL_POSITION_INT,Recording ALT_HOLD response for 15.0 seconds,ALT_HOLD,7,1,2.0,1.92,-0.09831827728077427,0.0,0.0,356.9999996891463,1500,1662,2,0,1500,1500,1500,2.0,0.5,20.0,0.0,35.0,150.0,1660
2026-08-06T15:57:58.571+03:00,19.130853,RC_CHANNELS,Recording ALT_HOLD response for 15.0 seconds,ALT_HOLD,7,1,2.0,1.92,-0.09831827728077427,0.0,0.0,356.9999996891463,1500,1662,2,0,1500,1500,1500,2.0,0.5,20.0,0.0,35.0,150.0,1660
2026-08-06T15:57:58.632+03:00,19.192193,V2_CHANNEL_STATUS,Recording ALT_HOLD response for 15.0 seconds,ALT_HOLD,7,1,2.0,1.92,-0.09831827728077427,0.0,0.0,356.9999996891463,1500,1662,2,0,1500,1500,1500,2.0,0.5,20.0,0.0,35.0,150.0,1660
2026-08-06T15:57:58.734+03:00,19.293956,V2_CHANNEL_STATUS,Recording ALT_HOLD response for 15.0 seconds,ALT_HOLD,7,1,2.0,1.92,-0.09831827728077427,0.0,0.0,356.9999996891463,1500,1662,2,0,1500,1500,1500,2.0,0.5,20.0,0.0,35.0,150.0,1660
2026-08-06T15:57:58.836+03:00,19.395430,V2_CHANNEL_STATUS,Recording ALT_HOLD response for 15.0 seconds,ALT_HOLD,7,1,2.0,1.92,-0.09831827728077427,0.0,0.0,356.9999996891463,1500,1662,2,0,1500,1500,1500,2.0,0.5,20.0,0.0,35.0,150.0,1660
2026-08-06T15:57:58.937+03:00,19.497106,V2_CHANNEL_STATUS,Recording ALT_HOLD response for 15.0 seconds,ALT_HOLD,7,1,2.0,1.92,-0.09831827728077427,0.0,0.0,356.9999996891463,1500,1662,2,0,1500,1500,1500,2.0,0.5,20.0,0.0,35.0,150.0,1660
2026-08-06T15:57:59.039+03:00,19.599026,V2_CHANNEL_STATUS,Recording ALT_HOLD response for 15.0 seconds,ALT_HOLD,7,1,2.0,1.92,-0.09831827728077427,0.0,0.0,356.9999996891463,1500,1662,2,0,1500,1500,1500,2.0,0.5,20.0,0.0,35.0,150.0,1660
2026-08-06T15:57:59.060+03:00,19.619557,GLOBAL_POSITION_INT,Recording ALT_HOLD response for 15.0 seconds,ALT_HOLD,7,1,2.0,1.92,0.0,0.0,0.0,356.9999996891463,1500,1662,2,0,1500,1500,1500,2.0,0.5,20.0,0.0,35.0,150.0,1660
2026-08-06T15:57:59.060+03:00,19.619898,RC_CHANNELS,Recording ALT_HOLD response for 15.0 seconds,ALT_HOLD,7,1,2.0,1.92,0.0,0.0,0.0,356.9999996891463,1500,1662,2,0,1500,1500,1500,2.0,0.5,20.0,0.0,35.0,150.0,1660
2026-08-06T15:57:59.141+03:00,19.701246,V2_CHANNEL_STATUS,Recording ALT_HOLD response for 15.0 seconds,ALT_HOLD,7,1,2.0,1.92,0.0,0.0,0.0,356.9999996891463,1500,1662,2,0,1500,1500,1500,2.0,0.5,20.0,0.0,35.0,150.0,1660
2026-08-06T15:57:59.243+03:00,19.802640,V2_CHANNEL_STATUS,Recording ALT_HOLD response for 15.0 seconds,ALT_HOLD,7,1,2.0,1.92,0.0,0.0,0.0,356.9999996891463,1500,1662,2,0,1500,1500,1500,2.0,0.5,20.0,0.0,35.0,150.0,1660
2026-08-06T15:57:59.344+03:00,19.904131,V2_CHANNEL_STATUS,Recording ALT_HOLD response for 15.0 seconds,ALT_HOLD,7,1,2.0,1.92,0.0,0.0,0.0,356.9999996891463,1500,1662,2,0,1500,1500,1500,2.0,0.5,20.0,0.0,35.0,150.0,1660
2026-08-06T15:57:59.446+03:00,20.005843,V2_CHANNEL_STATUS,Recording ALT_HOLD response for 15.0 seconds,ALT_HOLD,7,1,2.0,1.92,0.0,0.0,0.0,356.9999996891463,1500,1662,2,0,1500,1500,1500,2.0,0.5,20.0,0.0,35.0,150.0,1660
2026-08-06T15:57:59.547+03:00,20.107396,V2_CHANNEL_STATUS,Recording ALT_HOLD response for 15.0 seconds,ALT_HOLD,7,1,2.0,1.92,0.0,0.0,0.0,356.9999996891463,1500,1662,2,0,1500,1500,1500,2.0,0.5,20.0,0.0,35.0,150.0,1660
2026-08-06T15:57:59.568+03:00,20.128088,GLOBAL_POSITION_INT,Recording ALT_HOLD response for 15.0 seconds,ALT_HOLD,7,1,2.0,1.92,0.0,0.0,0.0,356.9999996891463,1500,1662,2,0,1500,1500,1500,2.0,0.5,20.0,0.0,35.0,150.0,1660
2026-08-06T15:57:59.568+03:00,20.128295,RC_CHANNELS,Recording ALT_HOLD response for 15.0 seconds,ALT_HOLD,7,1,2.0,1.92,0.0,0.0,0.0,356.9999996891463,1500,1662,2,0,1500,1500,1500,2.0,0.5,20.0,0.0,35.0,150.0,1660
2026-08-06T15:57:59.649+03:00,20.209366,V2_CHANNEL_STATUS,Recording ALT_HOLD response for 15.0 seconds,ALT_HOLD,7,1,2.0,1.92,0.0,0.0,0.0,356.9999996891463,1500,1662,2,0,1500,1500,1500,2.0,0.5,20.0,0.0,35.0,150.0,1660
2026-08-06T15:57:59.731+03:00,20.290807,V2_CHANNEL_STATUS,Recording ALT_HOLD response for 15.0 seconds,ALT_HOLD,7,1,2.0,1.92,0.0,0.0,0.0,356.9999996891463,1500,1662,2,0,1500,1500,1500,2.0,0.5,20.0,0.0,35.0,150.0,1660
2026-08-06T15:57:59.833+03:00,20.393312,V2_CHANNEL_STATUS,Recording ALT_HOLD response for 15.0 seconds,ALT_HOLD,7,1,2.0,1.92,0.0,0.0,0.0,356.9999996891463,1500,1662,2,0,1500,1500,1500,2.0,0.5,20.0,0.0,35.0,150.0,1660
2026-08-06T15:57:59.935+03:00,20.495279,V2_CHANNEL_STATUS,Recording ALT_HOLD response for 15.0 seconds,ALT_HOLD,7,1,2.0,1.92,0.0,0.0,0.0,356.9999996891463,1500,1662,2,0,1500,1500,1500,2.0,0.5,20.0,0.0,35.0,150.0,1660
2026-08-06T15:58:00.037+03:00,20.597010,V2_CHANNEL_STATUS,Recording ALT_HOLD response for 15.0 seconds,ALT_HOLD,7,1,2.0,1.92,0.0,0.0,0.0,356.9999996891463,1500,1662,2,0,1500,1500,1500,2.0,0.5,20.0,0.0,35.0,150.0,1660
2026-08-06T15:58:00.058+03:00,20.617644,GLOBAL_POSITION_INT,Recording ALT_HOLD response for 15.0 seconds,ALT_HOLD,7,1,2.0,1.92,0.0,0.0,0.0,356.9999996891463,1500,1662,2,0,1500,1500,1500,2.0,0.5,20.0,0.0,35.0,150.0,1660
2026-08-06T15:58:00.058+03:00,20.617877,RC_CHANNELS,Recording ALT_HOLD response for 15.0 seconds,ALT_HOLD,7,1,2.0,1.92,0.0,0.0,0.0,356.9999996891463,1500,1662,2,0,1500,1500,1500,2.0,0.5,20.0,0.0,35.0,150.0,1660
2026-08-06T15:58:00.139+03:00,20.699323,V2_CHANNEL_STATUS,Recording ALT_HOLD response for 15.0 seconds,ALT_HOLD,7,1,2.0,1.92,0.0,0.0,0.0,356.9999996891463,1500,1659,-1,0,1500,1500,1500,2.0,0.5,20.0,0.0,35.0,150.0,1660
2026-08-06T15:58:00.242+03:00,20.801425,V2_CHANNEL_STATUS,Recording ALT_HOLD response for 15.0 seconds,ALT_HOLD,7,1,2.0,1.92,0.0,0.0,0.0,356.9999996891463,1500,1655,-5,0,1500,1500,1500,2.0,0.5,20.0,0.0,35.0,150.0,1660
2026-08-06T15:58:00.343+03:00,20.903046,V2_CHANNEL_STATUS,Recording ALT_HOLD response for 15.0 seconds,ALT_HOLD,7,1,2.0,1.92,0.0,0.0,0.0,356.9999996891463,1500,1655,-5,0,1500,1500,1500,2.0,0.5,20.0,0.0,35.0,150.0,1660
2026-08-06T15:58:00.445+03:00,21.004598,V2_CHANNEL_STATUS,Recording ALT_HOLD response for 15.0 seconds,ALT_HOLD,7,1,2.0,1.92,0.0,0.0,0.0,356.9999996891463,1500,1655,-5,0,1500,1500,1500,2.0,0.5,20.0,0.0,35.0,150.0,1660
2026-08-06T15:58:00.546+03:00,21.106299,V2_CHANNEL_STATUS,Recording ALT_HOLD response for 15.0 seconds,ALT_HOLD,7,1,2.0,1.92,0.0,0.0,0.0,356.9999996891463,1500,1658,-2,0,1500,1500,1500,2.0,0.5,20.0,0.0,35.0,150.0,1660
2026-08-06T15:58:00.567+03:00,21.127064,GLOBAL_POSITION_INT,Recording ALT_HOLD response for 15.0 seconds,ALT_HOLD,7,1,2.0,2.0,0.15703900198888499,0.0,0.0,356.9999996891463,1500,1658,-2,0,1500,1500,1500,2.0,0.5,20.0,0.0,35.0,150.0,1660
2026-08-06T15:58:00.567+03:00,21.127388,RC_CHANNELS,Recording ALT_HOLD response for 15.0 seconds,ALT_HOLD,7,1,2.0,2.0,0.15703900198888499,0.0,0.0,356.9999996891463,1500,1658,-2,0,1500,1500,1500,2.0,0.5,20.0,0.0,35.0,150.0,1660
2026-08-06T15:58:00.649+03:00,21.208608,V2_CHANNEL_STATUS,Recording ALT_HOLD response for 15.0 seconds,ALT_HOLD,7,1,2.0,2.0,0.15703900198888499,0.0,0.0,356.9999996891463,1500,1660,0,0,1500,1500,1500,2.0,0.5,20.0,0.0,35.0,150.0,1660
2026-08-06T15:58:00.751+03:00,21.310597,V2_CHANNEL_STATUS,Recording ALT_HOLD response for 15.0 seconds,ALT_HOLD,7,1,2.0,2.0,0.15703900198888499,0.0,0.0,356.9999996891463,1500,1660,0,0,1500,1500,1500,2.0,0.5,20.0,0.0,35.0,150.0,1660
2026-08-06T15:58:00.852+03:00,21.412076,V2_CHANNEL_STATUS,Recording ALT_HOLD response for 15.0 seconds,ALT_HOLD,7,1,2.0,2.0,0.15703900198888499,0.0,0.0,356.9999996891463,1500,1660,0,0,1500,1500,1500,2.0,0.5,20.0,0.0,35.0,150.0,1660
2026-08-06T15:58:00.934+03:00,21.493787,V2_CHANNEL_STATUS,Recording ALT_HOLD response for 15.0 seconds,ALT_HOLD,7,1,2.0,2.0,0.15703900198888499,0.0,0.0,356.9999996891463,1500,1660,0,0,1500,1500,1500,2.0,0.5,20.0,0.0,35.0,150.0,1660
2026-08-06T15:58:01.036+03:00,21.595892,V2_CHANNEL_STATUS,Recording ALT_HOLD response for 15.0 seconds,ALT_HOLD,7,1,2.0,2.0,0.15703900198888499,0.0,0.0,356.9999996891463,1500,1660,0,0,1500,1500,1500,2.0,0.5,20.0,0.0,35.0,150.0,1660
2026-08-06T15:58:01.057+03:00,21.617243,GLOBAL_POSITION_INT,Recording ALT_HOLD response for 15.0 seconds,ALT_HOLD,7,1,2.0,2.0,0.0,0.0,0.0,356.9999996891463,1500,1660,0,0,1500,1500,1500,2.0,0.5,20.0,0.0,35.0,150.0,1660
2026-08-06T15:58:01.058+03:00,21.617732,RC_CHANNELS,Recording ALT_HOLD response for 15.0 seconds,ALT_HOLD,7,1,2.0,2.0,0.0,0.0,0.0,356.9999996891463,1500,1660,0,0,1500,1500,1500,2.0,0.5,20.0,0.0,35.0,150.0,1660
2026-08-06T15:58:01.139+03:00,21.699078,V2_CHANNEL_STATUS,Recording ALT_HOLD response for 15.0 seconds,ALT_HOLD,7,1,2.0,2.0,0.0,0.0,0.0,356.9999996891463,1500,1660,0,0,1500,1500,1500,2.0,0.5,20.0,0.0,35.0,150.0,1660
2026-08-06T15:58:01.241+03:00,21.800709,V2_CHANNEL_STATUS,Recording ALT_HOLD response for 15.0 seconds,ALT_HOLD,7,1,2.0,2.0,0.0,0.0,0.0,356.9999996891463,1500,1660,0,0,1500,1500,1500,2.0,0.5,20.0,0.0,35.0,150.0,1660
2026-08-06T15:58:01.343+03:00,21.902694,V2_CHANNEL_STATUS,Recording ALT_HOLD response for 15.0 seconds,ALT_HOLD,7,1,2.0,2.0,0.0,0.0,0.0,356.9999996891463,1500,1660,0,0,1500,1500,1500,2.0,0.5,20.0,0.0,35.0,150.0,1660
2026-08-06T15:58:01.444+03:00,22.004340,V2_CHANNEL_STATUS,Recording ALT_HOLD response for 15.0 seconds,ALT_HOLD,7,1,2.0,2.0,0.0,0.0,0.0,356.9999996891463,1500,1660,0,0,1500,1500,1500,2.0,0.5,20.0,0.0,35.0,150.0,1660
2026-08-06T15:58:01.546+03:00,22.105730,V2_CHANNEL_STATUS,Recording ALT_HOLD response for 15.0 seconds,ALT_HOLD,7,1,2.0,2.0,0.0,0.0,0.0,356.9999996891463,1500,1660,0,0,1500,1500,1500,2.0,0.5,20.0,0.0,35.0,150.0,1660
2026-08-06T15:58:01.567+03:00,22.126581,GLOBAL_POSITION_INT,Recording ALT_HOLD response for 15.0 seconds,ALT_HOLD,7,1,2.0,2.0,0.0,0.0,0.0,356.9999996891463,1500,1660,0,0,1500,1500,1500,2.0,0.5,20.0,0.0,35.0,150.0,1660
2026-08-06T15:58:01.567+03:00,22.126866,RC_CHANNELS,Recording ALT_HOLD response for 15.0 seconds,ALT_HOLD,7,1,2.0,2.0,0.0,0.0,0.0,356.9999996891463,1500,1660,0,0,1500,1500,1500,2.0,0.5,20.0,0.0,35.0,150.0,1660
2026-08-06T15:58:01.648+03:00,22.207996,V2_CHANNEL_STATUS,Recording ALT_HOLD response for 15.0 seconds,ALT_HOLD,7,1,2.0,2.0,0.0,0.0,0.0,356.9999996891463,1500,1660,0,0,1500,1500,1500,2.0,0.5,20.0,0.0,35.0,150.0,1660
2026-08-06T15:58:01.750+03:00,22.309570,V2_CHANNEL_STATUS,Recording ALT_HOLD response for 15.0 seconds,ALT_HOLD,7,1,2.0,2.0,0.0,0.0,0.0,356.9999996891463,1500,1660,0,0,1500,1500,1500,2.0,0.5,20.0,0.0,35.0,150.0,1660
2026-08-06T15:58:01.851+03:00,22.411089,V2_CHANNEL_STATUS,Recording ALT_HOLD response for 15.0 seconds,ALT_HOLD,7,1,2.0,2.0,0.0,0.0,0.0,356.9999996891463,1500,1660,0,0,1500,1500,1500,2.0,0.5,20.0,0.0,35.0,150.0,1660
2026-08-06T15:58:01.953+03:00,22.512825,V2_CHANNEL_STATUS,Recording ALT_HOLD response for 15.0 seconds,ALT_HOLD,7,1,2.0,2.0,0.0,0.0,0.0,356.9999996891463,1500,1658,-2,0,1500,1500,1500,2.0,0.5,20.0,0.0,35.0,150.0,1660
2026-08-06T15:58:02.055+03:00,22.614406,V2_CHANNEL_STATUS,Recording ALT_HOLD response for 15.0 seconds,ALT_HOLD,7,1,2.0,2.0,0.0,0.0,0.0,356.9999996891463,1500,1653,-7,0,1500,1500,1500,2.0,0.5,20.0,0.0,35.0,150.0,1660
2026-08-06T15:58:02.075+03:00,22.634953,GLOBAL_POSITION_INT,Recording ALT_HOLD response for 15.0 seconds,ALT_HOLD,7,1,2.0,2.05,0.09834904294174565,0.0,0.0,356.9999996891463,1500,1653,-7,0,1500,1500,1500,2.0,0.5,20.0,0.0,35.0,150.0,1660
2026-08-06T15:58:02.075+03:00,22.635190,RC_CHANNELS,Recording ALT_HOLD response for 15.0 seconds,ALT_HOLD,7,1,2.0,2.05,0.09834904294174565,0.0,0.0,356.9999996891463,1500,1653,-7,0,1500,1500,1500,2.0,0.5,20.0,0.0,35.0,150.0,1660
2026-08-06T15:58:02.136+03:00,22.696114,V2_CHANNEL_STATUS,Recording ALT_HOLD response for 15.0 seconds,ALT_HOLD,7,1,2.0,2.05,0.09834904294174565,0.0,0.0,356.9999996891463,1500,1653,-7,0,1500,1500,1500,2.0,0.5,20.0,0.0,35.0,150.0,1660
2026-08-06T15:58:02.238+03:00,22.797602,V2_CHANNEL_STATUS,Recording ALT_HOLD response for 15.0 seconds,ALT_HOLD,7,1,2.0,2.05,0.09834904294174565,0.0,0.0,356.9999996891463,1500,1655,-5,0,1500,1500,1500,2.0,0.5,20.0,0.0,35.0,150.0,1660
2026-08-06T15:58:02.339+03:00,22.899145,V2_CHANNEL_STATUS,Recording ALT_HOLD response for 15.0 seconds,ALT_HOLD,7,1,2.0,2.05,0.09834904294174565,0.0,0.0,356.9999996891463,1500,1656,-4,0,1500,1500,1500,2.0,0.5,20.0,0.0,35.0,150.0,1660
2026-08-06T15:58:02.441+03:00,23.000507,V2_CHANNEL_STATUS,Recording ALT_HOLD response for 15.0 seconds,ALT_HOLD,7,1,2.0,2.05,0.09834904294174565,0.0,0.0,356.9999996891463,1500,1656,-4,0,1500,1500,1500,2.0,0.5,20.0,0.0,35.0,150.0,1660
2026-08-06T15:58:02.542+03:00,23.101914,V2_CHANNEL_STATUS,Recording ALT_HOLD response for 15.0 seconds,ALT_HOLD,7,1,2.0,2.05,0.09834904294174565,0.0,0.0,356.9999996891463,1500,1657,-3,0,1500,1500,1500,2.0,0.5,20.0,0.0,35.0,150.0,1660
2026-08-06T15:58:02.563+03:00,23.122692,GLOBAL_POSITION_INT,Recording ALT_HOLD response for 15.0 seconds,ALT_HOLD,7,1,2.0,2.08,0.06150903133099913,0.0,0.0,356.9999996891463,1500,1657,-3,0,1500,1500,1500,2.0,0.5,20.0,0.0,35.0,150.0,1660
2026-08-06T15:58:02.563+03:00,23.123098,RC_CHANNELS,Recording ALT_HOLD response for 15.0 seconds,ALT_HOLD,7,1,2.0,2.08,0.06150903133099913,0.0,0.0,356.9999996891463,1500,1657,-3,0,1500,1500,1500,2.0,0.5,20.0,0.0,35.0,150.0,1660
2026-08-06T15:58:02.644+03:00,23.204187,V2_CHANNEL_STATUS,Recording ALT_HOLD response for 15.0 seconds,ALT_HOLD,7,1,2.0,2.08,0.06150903133099913,0.0,0.0,356.9999996891463,1500,1657,-3,0,1500,1500,1500,2.0,0.5,20.0,0.0,35.0,150.0,1660
2026-08-06T15:58:02.746+03:00,23.305490,V2_CHANNEL_STATUS,Recording ALT_HOLD response for 15.0 seconds,ALT_HOLD,7,1,2.0,2.08,0.06150903133099913,0.0,0.0,356.9999996891463,1500,1662,2,0,1500,1500,1500,2.0,0.5,20.0,0.0,35.0,150.0,1660
2026-08-06T15:58:02.847+03:00,23.406929,V2_CHANNEL_STATUS,Recording ALT_HOLD response for 15.0 seconds,ALT_HOLD,7,1,2.0,2.08,0.06150903133099913,0.0,0.0,356.9999996891463,1500,1662,2,0,1500,1500,1500,2.0,0.5,20.0,0.0,35.0,150.0,1660
2026-08-06T15:58:02.948+03:00,23.508374,V2_CHANNEL_STATUS,Recording ALT_HOLD response for 15.0 seconds,ALT_HOLD,7,1,2.0,2.08,0.06150903133099913,0.0,0.0,356.9999996891463,1500,1662,2,0,1500,1500,1500,2.0,0.5,20.0,0.0,35.0,150.0,1660
2026-08-06T15:58:03.050+03:00,23.609803,V2_CHANNEL_STATUS,Recording ALT_HOLD response for 15.0 seconds,ALT_HOLD,7,1,2.0,2.08,0.06150903133099913,0.0,0.0,356.9999996891463,1500,1662,2,0,1500,1500,1500,2.0,0.5,20.0,0.0,35.0,150.0,1660
2026-08-06T15:58:03.070+03:00,23.630328,GLOBAL_POSITION_INT,Recording ALT_HOLD response for 15.0 seconds,ALT_HOLD,7,1,2.0,2.02,-0.11819215757306545,0.0,0.0,356.9999996891463,1500,1662,2,0,1500,1500,1500,2.0,0.5,20.0,0.0,35.0,150.0,1660
2026-08-06T15:58:03.071+03:00,23.630555,RC_CHANNELS,Recording ALT_HOLD response for 15.0 seconds,ALT_HOLD,7,1,2.0,2.02,-0.11819215757306545,0.0,-0.09999999922536333,356.9999996891463,1500,1662,2,0,1500,1500,1500,2.0,0.5,20.0,0.0,35.0,150.0,1660
2026-08-06T15:58:03.152+03:00,23.711675,V2_CHANNEL_STATUS,Recording ALT_HOLD response for 15.0 seconds,ALT_HOLD,7,1,2.0,2.02,-0.11819215757306545,0.0,-0.09999999922536333,356.9999996891463,1500,1662,2,0,1500,1500,1500,2.0,0.5,20.0,0.0,35.0,150.0,1660
2026-08-06T15:58:03.253+03:00,23.813279,V2_CHANNEL_STATUS,Recording ALT_HOLD response for 15.0 seconds,ALT_HOLD,7,1,2.0,2.02,-0.11819215757306545,0.0,-0.09999999922536333,356.9999996891463,1500,1662,2,0,1500,1500,1500,2.0,0.5,20.0,0.0,35.0,150.0,1660
2026-08-06T15:58:03.355+03:00,23.914924,V2_CHANNEL_STATUS,Recording ALT_HOLD response for 15.0 seconds,ALT_HOLD,7,1,2.0,2.02,-0.11819215757306545,0.0,-0.09999999922536333,356.9999996891463,1500,1660,0,0,1500,1500,1500,2.0,0.5,20.0,0.0,35.0,150.0,1660
2026-08-06T15:58:03.457+03:00,24.016530,V2_CHANNEL_STATUS,Recording ALT_HOLD response for 15.0 seconds,ALT_HOLD,7,1,2.0,2.02,-0.11819215757306545,0.0,-0.09999999922536333,356.9999996891463,1500,1660,0,0,1500,1500,1500,2.0,0.5,20.0,0.0,35.0,150.0,1660
2026-08-06T15:58:03.538+03:00,24.098093,V2_CHANNEL_STATUS,Recording ALT_HOLD response for 15.0 seconds,ALT_HOLD,7,1,2.0,2.02,-0.11819215757306545,0.0,-0.09999999922536333,356.9999996891463,1500,1660,0,0,1500,1500,1500,2.0,0.5,20.0,0.0,35.0,150.0,1660
2026-08-06T15:58:03.559+03:00,24.118749,GLOBAL_POSITION_INT,Recording ALT_HOLD response for 15.0 seconds,ALT_HOLD,7,1,2.0,2.0,-0.04094819099347786,0.0,-0.09999999922536333,356.9999996891463,1500,1660,0,0,1500,1500,1500,2.0,0.5,20.0,0.0,35.0,150.0,1660
2026-08-06T15:58:03.559+03:00,24.118948,RC_CHANNELS,Recording ALT_HOLD response for 15.0 seconds,ALT_HOLD,7,1,2.0,2.0,-0.04094819099347786,0.0,0.0,356.9999996891463,1500,1660,0,0,1500,1500,1500,2.0,0.5,20.0,0.0,35.0,150.0,1660
2026-08-06T15:58:03.640+03:00,24.199996,V2_CHANNEL_STATUS,Recording ALT_HOLD response for 15.0 seconds,ALT_HOLD,7,1,2.0,2.0,-0.04094819099347786,0.0,0.0,356.9999996891463,1500,1660,0,0,1500,1500,1500,2.0,0.5,20.0,0.0,35.0,150.0,1660
2026-08-06T15:58:03.742+03:00,24.301412,V2_CHANNEL_STATUS,Recording ALT_HOLD response for 15.0 seconds,ALT_HOLD,7,1,2.0,2.0,-0.04094819099347786,0.0,0.0,356.9999996891463,1500,1660,0,0,1500,1500,1500,2.0,0.5,20.0,0.0,35.0,150.0,1660
2026-08-06T15:58:03.843+03:00,24.402937,V2_CHANNEL_STATUS,Recording ALT_HOLD response for 15.0 seconds,ALT_HOLD,7,1,2.0,2.0,-0.04094819099347786,0.0,0.0,356.9999996891463,1500,1660,0,0,1500,1500,1500,2.0,0.5,20.0,0.0,35.0,150.0,1660
2026-08-06T15:58:03.945+03:00,24.504442,V2_CHANNEL_STATUS,Recording ALT_HOLD response for 15.0 seconds,ALT_HOLD,7,1,2.0,2.0,-0.04094819099347786,0.0,0.0,356.9999996891463,1500,1668,8,0,1500,1500,1500,2.0,0.5,20.0,0.0,35.0,150.0,1660
2026-08-06T15:58:04.046+03:00,24.606019,V2_CHANNEL_STATUS,Recording ALT_HOLD response for 15.0 seconds,ALT_HOLD,7,1,2.0,2.0,-0.04094819099347786,0.0,0.0,356.9999996891463,1500,1664,4,0,1500,1500,1500,2.0,0.5,20.0,0.0,35.0,150.0,1660
2026-08-06T15:58:04.067+03:00,24.626559,GLOBAL_POSITION_INT,Recording ALT_HOLD response for 15.0 seconds,ALT_HOLD,7,1,2.0,1.93,-0.13784725755299923,0.0,0.0,356.9999996891463,1500,1664,4,0,1500,1500,1500,2.0,0.5,20.0,0.0,35.0,150.0,1660
2026-08-06T15:58:04.067+03:00,24.626818,RC_CHANNELS,Recording ALT_HOLD response for 15.0 seconds,ALT_HOLD,7,1,2.0,1.93,-0.13784725755299923,0.0,0.0,356.9999996891463,1500,1664,4,0,1500,1500,1500,2.0,0.5,20.0,0.0,35.0,150.0,1660
2026-08-06T15:58:04.148+03:00,24.708050,V2_CHANNEL_STATUS,Recording ALT_HOLD response for 15.0 seconds,ALT_HOLD,7,1,2.0,1.93,-0.13784725755299923,0.0,0.0,356.9999996891463,1500,1664,4,0,1500,1500,1500,2.0,0.5,20.0,0.0,35.0,150.0,1660
2026-08-06T15:58:04.250+03:00,24.809714,V2_CHANNEL_STATUS,Recording ALT_HOLD response for 15.0 seconds,ALT_HOLD,7,1,2.0,1.93,-0.13784725755299923,0.0,0.0,356.9999996891463,1500,1663,3,0,1500,1500,1500,2.0,0.5,20.0,0.0,35.0,150.0,1660
2026-08-06T15:58:04.351+03:00,24.911247,V2_CHANNEL_STATUS,Recording ALT_HOLD response for 15.0 seconds,ALT_HOLD,7,1,2.0,1.93,-0.13784725755299923,0.0,0.0,356.9999996891463,1500,1663,3,0,1500,1500,1500,2.0,0.5,20.0,0.0,35.0,150.0,1660
2026-08-06T15:58:04.453+03:00,25.012822,V2_CHANNEL_STATUS,Recording ALT_HOLD response for 15.0 seconds,ALT_HOLD,7,1,2.0,1.93,-0.13784725755299923,0.0,0.0,356.9999996891463,1500,1662,2,0,1500,1500,1500,2.0,0.5,20.0,0.0,35.0,150.0,1660
2026-08-06T15:58:04.554+03:00,25.114404,V2_CHANNEL_STATUS,Recording ALT_HOLD response for 15.0 seconds,ALT_HOLD,7,1,2.0,1.93,-0.13784725755299923,0.0,0.0,356.9999996891463,1500,1662,2,0,1500,1500,1500,2.0,0.5,20.0,0.0,35.0,150.0,1660
2026-08-06T15:58:04.575+03:00,25.135107,GLOBAL_POSITION_INT,Recording ALT_HOLD response for 15.0 seconds,ALT_HOLD,7,1,2.0,1.92,-0.019664574512998193,0.0,0.0,356.9999996891463,1500,1662,2,0,1500,1500,1500,2.0,0.5,20.0,0.0,35.0,150.0,1660
2026-08-06T15:58:04.575+03:00,25.135365,RC_CHANNELS,Recording ALT_HOLD response for 15.0 seconds,ALT_HOLD,7,1,2.0,1.92,-0.019664574512998193,0.0,0.0,356.9999996891463,1500,1662,2,0,1500,1500,1500,2.0,0.5,20.0,0.0,35.0,150.0,1660
2026-08-06T15:58:04.656+03:00,25.216386,V2_CHANNEL_STATUS,Recording ALT_HOLD response for 15.0 seconds,ALT_HOLD,7,1,2.0,1.92,-0.019664574512998193,0.0,0.0,356.9999996891463,1500,1662,2,0,1500,1500,1500,2.0,0.5,20.0,0.0,35.0,150.0,1660
2026-08-06T15:58:04.758+03:00,25.318142,V2_CHANNEL_STATUS,Recording ALT_HOLD response for 15.0 seconds,ALT_HOLD,7,1,2.0,1.92,-0.019664574512998193,0.0,0.0,356.9999996891463,1500,1662,2,0,1500,1500,1500,2.0,0.5,20.0,0.0,35.0,150.0,1660
2026-08-06T15:58:04.860+03:00,25.419789,V2_CHANNEL_STATUS,Recording ALT_HOLD response for 15.0 seconds,ALT_HOLD,7,1,2.0,1.92,-0.019664574512998193,0.0,0.0,356.9999996891463,1500,1662,2,0,1500,1500,1500,2.0,0.5,20.0,0.0,35.0,150.0,1660
2026-08-06T15:58:04.941+03:00,25.501057,V2_CHANNEL_STATUS,Recording ALT_HOLD response for 15.0 seconds,ALT_HOLD,7,1,2.0,1.92,-0.019664574512998193,0.0,0.0,356.9999996891463,1500,1662,2,0,1500,1500,1500,2.0,0.5,20.0,0.0,35.0,150.0,1660
2026-08-06T15:58:05.043+03:00,25.602453,V2_CHANNEL_STATUS,Recording ALT_HOLD response for 15.0 seconds,ALT_HOLD,7,1,2.0,1.92,-0.019664574512998193,0.0,0.0,356.9999996891463,1500,1662,2,0,1500,1500,1500,2.0,0.5,20.0,0.0,35.0,150.0,1660
2026-08-06T15:58:05.063+03:00,25.623189,GLOBAL_POSITION_INT,Recording ALT_HOLD response for 15.0 seconds,ALT_HOLD,7,1,2.0,1.92,0.0,0.0,0.0,356.9999996891463,1500,1662,2,0,1500,1500,1500,2.0,0.5,20.0,0.0,35.0,150.0,1660
2026-08-06T15:58:05.064+03:00,25.623443,RC_CHANNELS,Recording ALT_HOLD response for 15.0 seconds,ALT_HOLD,7,1,2.0,1.92,0.0,0.0,0.0,356.9999996891463,1500,1662,2,0,1500,1500,1500,2.0,0.5,20.0,0.0,35.0,150.0,1660
2026-08-06T15:58:05.145+03:00,25.704429,V2_CHANNEL_STATUS,Recording ALT_HOLD response for 15.0 seconds,ALT_HOLD,7,1,2.0,1.92,0.0,0.0,0.0,356.9999996891463,1500,1662,2,0,1500,1500,1500,2.0,0.5,20.0,0.0,35.0,150.0,1660
2026-08-06T15:58:05.246+03:00,25.805920,V2_CHANNEL_STATUS,Recording ALT_HOLD response for 15.0 seconds,ALT_HOLD,7,1,2.0,1.92,0.0,0.0,0.0,356.9999996891463,1500,1662,2,0,1500,1500,1500,2.0,0.5,20.0,0.0,35.0,150.0,1660
2026-08-06T15:58:05.347+03:00,25.907392,V2_CHANNEL_STATUS,Recording ALT_HOLD response for 15.0 seconds,ALT_HOLD,7,1,2.0,1.92,0.0,0.0,0.0,356.9999996891463,1500,1662,2,0,1500,1500,1500,2.0,0.5,20.0,0.0,35.0,150.0,1660
2026-08-06T15:58:05.449+03:00,26.008888,V2_CHANNEL_STATUS,Recording ALT_HOLD response for 15.0 seconds,ALT_HOLD,7,1,2.0,1.92,0.0,0.0,0.0,356.9999996891463,1500,1662,2,0,1500,1500,1500,2.0,0.5,20.0,0.0,35.0,150.0,1660
2026-08-06T15:58:05.550+03:00,26.110307,V2_CHANNEL_STATUS,Recording ALT_HOLD response for 15.0 seconds,ALT_HOLD,7,1,2.0,1.92,0.0,0.0,0.0,356.9999996891463,1500,1662,2,0,1500,1500,1500,2.0,0.5,20.0,0.0,35.0,150.0,1660
2026-08-06T15:58:05.571+03:00,26.130972,GLOBAL_POSITION_INT,Recording ALT_HOLD response for 15.0 seconds,ALT_HOLD,7,1,2.0,1.92,0.0,0.0,0.0,356.9999996891463,1500,1662,2,0,1500,1500,1500,2.0,0.5,20.0,0.0,35.0,150.0,1660
2026-08-06T15:58:05.571+03:00,26.131183,RC_CHANNELS,Recording ALT_HOLD response for 15.0 seconds,ALT_HOLD,7,1,2.0,1.92,0.0,0.0,0.0,356.9999996891463,1500,1662,2,0,1500,1500,1500,2.0,0.5,20.0,0.0,35.0,150.0,1660
2026-08-06T15:58:05.652+03:00,26.212209,V2_CHANNEL_STATUS,Recording ALT_HOLD response for 15.0 seconds,ALT_HOLD,7,1,2.0,1.92,0.0,0.0,0.0,356.9999996891463,1500,1662,2,0,1500,1500,1500,2.0,0.5,20.0,0.0,35.0,150.0,1660
2026-08-06T15:58:05.754+03:00,26.313741,V2_CHANNEL_STATUS,Recording ALT_HOLD response for 15.0 seconds,ALT_HOLD,7,1,2.0,1.92,0.0,0.0,0.0,356.9999996891463,1500,1658,-2,0,1500,1500,1500,2.0,0.5,20.0,0.0,35.0,150.0,1660
2026-08-06T15:58:05.855+03:00,26.415332,V2_CHANNEL_STATUS,Recording ALT_HOLD response for 15.0 seconds,ALT_HOLD,7,1,2.0,1.92,0.0,0.0,0.0,356.9999996891463,1500,1655,-5,0,1500,1500,1500,2.0,0.5,20.0,0.0,35.0,150.0,1660
2026-08-06T15:58:05.957+03:00,26.516939,V2_CHANNEL_STATUS,Recording ALT_HOLD response for 15.0 seconds,ALT_HOLD,7,1,2.0,1.92,0.0,0.0,0.0,356.9999996891463,1500,1655,-5,0,1500,1500,1500,2.0,0.5,20.0,0.0,35.0,150.0,1660
2026-08-06T15:58:06.059+03:00,26.618692,V2_CHANNEL_STATUS,Recording ALT_HOLD response for 15.0 seconds,ALT_HOLD,7,1,2.0,1.92,0.0,0.0,0.0,356.9999996891463,1500,1659,-1,0,1500,1500,1500,2.0,0.5,20.0,0.0,35.0,150.0,1660
2026-08-06T15:58:06.059+03:00,26.619135,GLOBAL_POSITION_INT,Recording ALT_HOLD response for 15.0 seconds,ALT_HOLD,7,1,2.0,1.99,0.143391419863222,0.0,0.0,356.9999996891463,1500,1659,-1,0,1500,1500,1500,2.0,0.5,20.0,0.0,35.0,150.0,1660
2026-08-06T15:58:06.059+03:00,26.619387,RC_CHANNELS,Recording ALT_HOLD response for 15.0 seconds,ALT_HOLD,7,1,2.0,1.99,0.143391419863222,0.0,0.0,356.9999996891463,1500,1659,-1,0,1500,1500,1500,2.0,0.5,20.0,0.0,35.0,150.0,1660
2026-08-06T15:58:06.161+03:00,26.720540,V2_CHANNEL_STATUS,Recording ALT_HOLD response for 15.0 seconds,ALT_HOLD,7,1,2.0,1.99,0.143391419863222,0.0,0.0,356.9999996891463,1500,1659,-1,0,1500,1500,1500,2.0,0.5,20.0,0.0,35.0,150.0,1660
2026-08-06T15:58:06.262+03:00,26.822147,V2_CHANNEL_STATUS,Recording ALT_HOLD response for 15.0 seconds,ALT_HOLD,7,1,2.0,1.99,0.143391419863222,0.0,0.0,356.9999996891463,1500,1658,-2,0,1500,1500,1500,2.0,0.5,20.0,0.0,35.0,150.0,1660
2026-08-06T15:58:06.344+03:00,26.903499,V2_CHANNEL_STATUS,Recording ALT_HOLD response for 15.0 seconds,ALT_HOLD,7,1,2.0,1.99,0.143391419863222,0.0,0.0,356.9999996891463,1500,1660,0,0,1500,1500,1500,2.0,0.5,20.0,0.0,35.0,150.0,1660
2026-08-06T15:58:06.445+03:00,27.005317,V2_CHANNEL_STATUS,Recording ALT_HOLD response for 15.0 seconds,ALT_HOLD,7,1,2.0,1.99,0.143391419863222,0.0,0.0,356.9999996891463,1500,1660,0,0,1500,1500,1500,2.0,0.5,20.0,0.0,35.0,150.0,1660
2026-08-06T15:58:06.547+03:00,27.106994,V2_CHANNEL_STATUS,Recording ALT_HOLD response for 15.0 seconds,ALT_HOLD,7,1,2.0,1.99,0.143391419863222,0.0,0.0,356.9999996891463,1500,1660,0,0,1500,1500,1500,2.0,0.5,20.0,0.0,35.0,150.0,1660
2026-08-06T15:58:06.568+03:00,27.127445,GLOBAL_POSITION_INT,Switching to MANUAL for landing,ALT_HOLD,7,1,2.0,2.0,0.019673383161732387,0.0,0.0,356.9999996891463,1600,1660,0,0,1500,1500,1500,2.0,0.5,20.0,0.0,35.0,150.0,1660
2026-08-06T15:58:06.568+03:00,27.127660,RC_CHANNELS,Switching to MANUAL for landing,ALT_HOLD,7,1,2.0,2.0,0.019673383161732387,0.0,0.0,356.9999996891463,1600,1660,0,0,1500,1500,1500,2.0,0.5,20.0,0.0,35.0,150.0,1660
2026-08-06T15:58:06.646+03:00,27.205833,V2_CHANNEL_STATUS,Switching to MANUAL for landing,ALT_HOLD,7,1,2.0,2.0,0.019673383161732387,0.0,0.0,356.9999996891463,1600,1600,-60,0,1500,1500,1500,2.0,0.5,20.0,0.0,35.0,150.0,1660
2026-08-06T15:58:06.750+03:00,27.309415,V2_CHANNEL_STATUS,Switching to MANUAL for landing,ALT_HOLD,7,1,2.0,2.0,0.019673383161732387,0.0,0.0,356.9999996891463,1600,1600,-60,0,1500,1500,1500,2.0,0.5,20.0,0.0,35.0,150.0,1660
2026-08-06T15:58:06.848+03:00,27.407681,V2_CHANNEL_STATUS,Switching to MANUAL for landing,ALT_HOLD,7,1,2.0,2.0,0.019673383161732387,0.0,0.0,356.9999996891463,1600,1600,-60,0,1500,1500,1500,2.0,0.5,20.0,0.0,35.0,150.0,1660
2026-08-06T15:58:06.946+03:00,27.505770,V2_CHANNEL_STATUS,Switching to MANUAL for landing,ALT_HOLD,7,1,2.0,2.0,0.019673383161732387,0.0,0.0,356.9999996891463,1600,1600,-60,0,1500,1500,1500,2.0,0.5,20.0,0.0,35.0,150.0,1660
2026-08-06T15:58:07.049+03:00,27.608807,V2_CHANNEL_STATUS,Switching to MANUAL for landing,ALT_HOLD,7,1,2.0,2.0,0.019673383161732387,0.0,0.0,356.9999996891463,1600,1600,-60,0,1500,1500,1500,2.0,0.5,20.0,0.0,35.0,150.0,1660
2026-08-06T15:58:07.059+03:00,27.619166,GLOBAL_POSITION_INT,Switching to MANUAL for landing,ALT_HOLD,7,1,2.0,2.0,0.0,0.0,0.0,356.9999996891463,1600,1600,-60,0,1500,1500,1500,2.0,0.5,20.0,0.0,35.0,150.0,1660
2026-08-06T15:58:07.060+03:00,27.619506,RC_CHANNELS,Switching to MANUAL for landing,ALT_HOLD,7,1,2.0,2.0,0.0,0.0,0.0,356.9999996891463,1600,1600,-60,0,1500,1500,1500,2.0,0.5,20.0,0.0,35.0,150.0,1660
2026-08-06T15:58:07.148+03:00,27.707477,V2_CHANNEL_STATUS,Switching to MANUAL for landing,ALT_HOLD,7,1,2.0,2.0,0.0,0.0,0.0,356.9999996891463,1600,1600,-60,0,1500,1500,1500,2.0,0.5,20.0,0.0,35.0,150.0,1660
2026-08-06T15:58:07.245+03:00,27.805347,V2_CHANNEL_STATUS,Switching to MANUAL for landing,ALT_HOLD,7,1,2.0,2.0,0.0,0.0,0.0,356.9999996891463,1600,1600,-60,0,1500,1500,1500,2.0,0.5,20.0,0.0,35.0,150.0,1660
2026-08-06T15:58:07.349+03:00,27.908486,V2_CHANNEL_STATUS,Switching to MANUAL for landing,ALT_HOLD,7,1,2.0,2.0,0.0,0.0,0.0,356.9999996891463,1600,1600,-60,0,1500,1500,1500,2.0,0.5,20.0,0.0,35.0,150.0,1660
2026-08-06T15:58:07.448+03:00,28.007487,V2_CHANNEL_STATUS,Switching to MANUAL for landing,ALT_HOLD,7,1,2.0,2.0,0.0,0.0,0.0,356.9999996891463,1600,1600,-60,0,1500,1500,1500,2.0,0.5,20.0,0.0,35.0,150.0,1660
2026-08-06T15:58:07.551+03:00,28.110613,V2_CHANNEL_STATUS,Switching to MANUAL for landing,ALT_HOLD,7,1,2.0,2.0,0.0,0.0,0.0,356.9999996891463,1600,1600,-60,0,1500,1500,1500,2.0,0.5,20.0,0.0,35.0,150.0,1660
2026-08-06T15:58:07.561+03:00,28.121282,GLOBAL_POSITION_INT,Waiting for touchdown,MANUAL,1,1,2.0,1.74,-0.5178116822333155,0.0,0.0,356.9999996891463,1600,1600,-60,0,1500,1500,1500,2.0,0.5,20.0,0.0,35.0,150.0,1660
2026-08-06T15:58:07.562+03:00,28.121517,RC_CHANNELS,Waiting for touchdown,MANUAL,1,1,2.0,1.74,-0.5178116822333155,0.0,0.0,356.9999996891463,1600,1600,-60,0,1500,1500,1500,2.0,0.5,20.0,0.0,35.0,150.0,1660
2026-08-06T15:58:07.649+03:00,28.209339,V2_CHANNEL_STATUS,Waiting for touchdown,MANUAL,1,1,2.0,1.74,-0.5178116822333155,0.0,0.0,356.9999996891463,1600,1600,-60,0,1500,1500,1500,2.0,0.5,20.0,0.0,35.0,150.0,1660
2026-08-06T15:58:07.748+03:00,28.307858,V2_CHANNEL_STATUS,Waiting for touchdown,MANUAL,1,1,2.0,1.74,-0.5178116822333155,0.0,0.0,356.9999996891463,1600,1600,-60,0,1500,1500,1500,2.0,0.5,20.0,0.0,35.0,150.0,1660
2026-08-06T15:58:07.851+03:00,28.411239,V2_CHANNEL_STATUS,Waiting for touchdown,MANUAL,1,1,2.0,1.74,-0.5178116822333155,0.0,0.0,356.9999996891463,1600,1600,-60,0,1500,1500,1500,2.0,0.5,20.0,0.0,35.0,150.0,1660
2026-08-06T15:58:07.950+03:00,28.509462,V2_CHANNEL_STATUS,Waiting for touchdown,MANUAL,1,1,2.0,1.74,-0.5178116822333155,0.0,0.0,356.9999996891463,1600,1600,-60,0,1500,1500,1500,2.0,0.5,20.0,0.0,35.0,150.0,1660
2026-08-06T15:58:08.048+03:00,28.607689,V2_CHANNEL_STATUS,Waiting for touchdown,MANUAL,1,1,2.0,1.74,-0.5178116822333155,0.0,0.0,356.9999996891463,1600,1600,-60,0,1500,1500,1500,2.0,0.5,20.0,0.0,35.0,150.0,1660
2026-08-06T15:58:08.063+03:00,28.623221,GLOBAL_POSITION_INT,Waiting for touchdown,MANUAL,1,1,2.0,1.16,-1.1555346583052246,0.0,0.0,356.9999996891463,1600,1600,-60,0,1500,1500,1500,2.0,0.5,20.0,0.0,35.0,150.0,1660
2026-08-06T15:58:08.064+03:00,28.623494,RC_CHANNELS,Waiting for touchdown,MANUAL,1,1,2.0,1.16,-1.1555346583052246,0.0,0.0,356.9999996891463,1600,1600,-60,0,1500,1500,1500,2.0,0.5,20.0,0.0,35.0,150.0,1660
2026-08-06T15:58:08.151+03:00,28.711058,V2_CHANNEL_STATUS,Waiting for touchdown,MANUAL,1,1,2.0,1.16,-1.1555346583052246,0.0,0.0,356.9999996891463,1600,1600,-60,0,1500,1500,1500,2.0,0.5,20.0,0.0,35.0,150.0,1660
2026-08-06T15:58:08.249+03:00,28.809032,V2_CHANNEL_STATUS,Waiting for touchdown,MANUAL,1,1,2.0,1.16,-1.1555346583052246,0.0,0.0,356.9999996891463,1600,1600,-60,0,1500,1500,1500,2.0,0.5,20.0,0.0,35.0,150.0,1660
2026-08-06T15:58:08.352+03:00,28.912199,V2_CHANNEL_STATUS,Waiting for touchdown,MANUAL,1,1,2.0,1.16,-1.1555346583052246,0.0,0.0,356.9999996891463,1600,1600,-60,0,1500,1500,1500,2.0,0.5,20.0,0.0,35.0,150.0,1660
2026-08-06T15:58:08.450+03:00,29.010207,V2_CHANNEL_STATUS,Waiting for touchdown,MANUAL,1,1,2.0,1.16,-1.1555346583052246,0.0,0.0,356.9999996891463,1600,1600,-60,0,1500,1500,1500,2.0,0.5,20.0,0.0,35.0,150.0,1660
2026-08-06T15:58:08.553+03:00,29.113112,V2_CHANNEL_STATUS,Waiting for touchdown,MANUAL,1,1,2.0,1.16,-1.1555346583052246,0.0,0.0,356.9999996891463,1600,1600,-60,0,1500,1500,1500,2.0,0.5,20.0,0.0,35.0,150.0,1660
2026-08-06T15:58:08.564+03:00,29.123710,GLOBAL_POSITION_INT,Waiting for touchdown,MANUAL,1,1,2.0,0.11,-2.097941721790655,0.0,0.0,356.9999996891463,1600,1600,-60,0,1500,1500,1500,2.0,0.5,20.0,0.0,35.0,150.0,1660
2026-08-06T15:58:08.564+03:00,29.123960,RC_CHANNELS,Waiting for touchdown,MANUAL,1,1,2.0,0.11,-2.097941721790655,0.0,0.0,356.9999996891463,1600,1600,-60,0,1500,1500,1500,2.0,0.5,20.0,0.0,35.0,150.0,1660
2026-08-06T15:58:08.652+03:00,29.211684,V2_CHANNEL_STATUS,Waiting for touchdown,MANUAL,1,1,2.0,0.11,-2.097941721790655,0.0,0.0,356.9999996891463,1600,1600,-60,0,1500,1500,1500,2.0,0.5,20.0,0.0,35.0,150.0,1660
2026-08-06T15:58:08.750+03:00,29.310270,V2_CHANNEL_STATUS,Waiting for touchdown,MANUAL,1,1,2.0,0.11,-2.097941721790655,0.0,0.0,356.9999996891463,1600,1600,-60,0,1500,1500,1500,2.0,0.5,20.0,0.0,35.0,150.0,1660
2026-08-06T15:58:08.853+03:00,29.413277,V2_CHANNEL_STATUS,Waiting for touchdown,MANUAL,1,1,2.0,0.11,-2.097941721790655,0.0,0.0,356.9999996891463,1600,1600,-60,0,1500,1500,1500,2.0,0.5,20.0,0.0,35.0,150.0,1660
2026-08-06T15:58:08.951+03:00,29.511185,V2_CHANNEL_STATUS,Waiting for touchdown,MANUAL,1,1,2.0,0.11,-2.097941721790655,0.0,0.0,356.9999996891463,1600,1600,-60,0,1500,1500,1500,2.0,0.5,20.0,0.0,35.0,150.0,1660
2026-08-06T15:58:09.054+03:00,29.614072,V2_CHANNEL_STATUS,Waiting for touchdown,MANUAL,1,1,2.0,0.11,-2.097941721790655,0.0,0.0,356.9999996891463,1600,1600,-60,0,1500,1500,1500,2.0,0.5,20.0,0.0,35.0,150.0,1660
2026-08-06T15:58:09.065+03:00,29.624627,GLOBAL_POSITION_INT,Waiting for touchdown,MANUAL,1,1,2.0,-0.08,-0.379314689096681,0.0,0.0,356.9999996891463,1600,1600,-60,0,1500,1500,1500,2.0,0.5,20.0,0.0,35.0,150.0,1660
2026-08-06T15:58:09.065+03:00,29.624922,RC_CHANNELS,Waiting for touchdown,MANUAL,1,1,2.0,-0.08,-0.379314689096681,0.0,0.0,356.9999996891463,1600,1600,-60,0,1500,1500,1500,2.0,0.5,20.0,0.0,35.0,150.0,1660
2026-08-06T15:58:09.153+03:00,29.712638,V2_CHANNEL_STATUS,Waiting for touchdown,MANUAL,1,1,2.0,-0.08,-0.379314689096681,0.0,0.0,356.9999996891463,1600,1600,-60,0,1500,1500,1500,2.0,0.5,20.0,0.0,35.0,150.0,1660
2026-08-06T15:58:09.251+03:00,29.810440,V2_CHANNEL_STATUS,Waiting for touchdown,MANUAL,1,1,2.0,-0.08,-0.379314689096681,0.0,0.0,356.9999996891463,1600,1600,-60,0,1500,1500,1500,2.0,0.5,20.0,0.0,35.0,150.0,1660
2026-08-06T15:58:09.354+03:00,29.913420,V2_CHANNEL_STATUS,Waiting for touchdown,MANUAL,1,1,2.0,-0.08,-0.379314689096681,0.0,0.0,356.9999996891463,1600,1600,-60,0,1500,1500,1500,2.0,0.5,20.0,0.0,35.0,150.0,1660
2026-08-06T15:58:09.452+03:00,30.011675,V2_CHANNEL_STATUS,Waiting for touchdown,MANUAL,1,1,2.0,-0.08,-0.379314689096681,0.0,0.0,356.9999996891463,1600,1600,-60,0,1500,1500,1500,2.0,0.5,20.0,0.0,35.0,150.0,1660
2026-08-06T15:58:09.550+03:00,30.110289,V2_CHANNEL_STATUS,Waiting for touchdown,MANUAL,1,1,2.0,-0.08,-0.379314689096681,0.0,0.0,356.9999996891463,1600,1600,-60,0,1500,1500,1500,2.0,0.5,20.0,0.0,35.0,150.0,1660
2026-08-06T15:58:09.561+03:00,30.120835,GLOBAL_POSITION_INT,Waiting for touchdown,MANUAL,1,1,2.0,-0.06,0.04030579571892195,0.0,0.0,356.9999996891463,1600,1600,-60,0,1500,1500,1500,2.0,0.5,20.0,0.0,35.0,150.0,1660
2026-08-06T15:58:09.561+03:00,30.121157,RC_CHANNELS,Waiting for touchdown,MANUAL,1,1,2.0,-0.06,0.04030579571892195,0.0,0.0,356.9999996891463,1600,1600,-60,0,1500,1500,1500,2.0,0.5,20.0,0.0,35.0,150.0,1660
2026-08-06T15:58:09.654+03:00,30.214199,V2_CHANNEL_STATUS,Disarming and waiting for IDLE,MANUAL,1,1,2.0,-0.06,0.04030579571892195,0.0,0.0,356.9999996891463,1000,1000,-660,1,1500,1500,1500,2.0,0.5,20.0,0.0,35.0,150.0,1660
2026-08-06T15:58:09.753+03:00,30.312606,V2_CHANNEL_STATUS,Disarming and waiting for IDLE,MANUAL,1,1,2.0,-0.06,0.04030579571892195,0.0,0.0,356.9999996891463,1000,1000,-660,1,1500,1500,1500,2.0,0.5,20.0,0.0,35.0,150.0,1660
2026-08-06T15:58:09.851+03:00,30.410709,V2_CHANNEL_STATUS,Disarming and waiting for IDLE,MANUAL,1,1,2.0,-0.06,0.04030579571892195,0.0,0.0,356.9999996891463,1000,1000,-660,1,1500,1500,1500,2.0,0.5,20.0,0.0,35.0,150.0,1660
2026-08-06T15:58:09.954+03:00,30.513857,V2_CHANNEL_STATUS,Disarming and waiting for IDLE,MANUAL,1,1,2.0,-0.06,0.04030579571892195,0.0,0.0,356.9999996891463,1000,1000,-660,1,1500,1500,1500,2.0,0.5,20.0,0.0,35.0,150.0,1660
2026-08-06T15:58:10.052+03:00,30.611857,V2_CHANNEL_STATUS,Disarming and waiting for IDLE,MANUAL,1,1,2.0,-0.06,0.04030579571892195,0.0,0.0,356.9999996891463,1000,1000,-660,1,1500,1500,1500,2.0,0.5,20.0,0.0,35.0,150.0,1660
2026-08-06T15:58:10.062+03:00,30.622345,GLOBAL_POSITION_INT,Disarming and waiting for IDLE,MANUAL,1,1,2.0,0.0,0.11963750601438385,0.0,0.0,356.9999996891463,1000,1000,-660,1,1500,1500,1500,2.0,0.5,20.0,0.0,35.0,150.0,1660
2026-08-06T15:58:10.063+03:00,30.622658,RC_CHANNELS,Disarming and waiting for IDLE,MANUAL,1,1,2.0,0.0,0.11963750601438385,0.0,0.0,356.9999996891463,1000,1000,-660,1,1500,1500,1500,2.0,0.5,20.0,0.0,35.0,150.0,1660
2026-08-06T15:58:10.156+03:00,30.715468,V2_CHANNEL_STATUS,Disarming and waiting for IDLE,MANUAL,1,1,2.0,0.0,0.11963750601438385,0.0,0.0,356.9999996891463,1000,1000,-660,1,1500,1500,1500,2.0,0.5,20.0,0.0,35.0,150.0,1660
2026-08-06T15:58:10.254+03:00,30.813605,V2_CHANNEL_STATUS,Disarming and waiting for IDLE,MANUAL,1,1,2.0,0.0,0.11963750601438385,0.0,0.0,356.9999996891463,1000,1000,-660,1,1500,1500,1500,2.0,0.5,20.0,0.0,35.0,150.0,1660
2026-08-06T15:58:10.352+03:00,30.911879,V2_CHANNEL_STATUS,Disarming and waiting for IDLE,MANUAL,1,1,2.0,0.0,0.11963750601438385,0.0,0.0,356.9999996891463,1000,1000,-660,1,1500,1500,1500,2.0,0.5,20.0,0.0,35.0,150.0,1660
2026-08-06T15:58:10.455+03:00,31.015069,V2_CHANNEL_STATUS,Disarming and waiting for IDLE,MANUAL,1,1,2.0,0.0,0.11963750601438385,0.0,0.0,356.9999996891463,1000,1000,-660,1,1500,1500,1500,2.0,0.5,20.0,0.0,35.0,150.0,1660
2026-08-06T15:58:10.554+03:00,31.113431,V2_CHANNEL_STATUS,Disarming and waiting for IDLE,IDLE,0,0,2.0,0.0,0.11963750601438385,0.0,0.0,356.9999996891463,1000,1000,-660,1,1500,1500,1500,2.0,0.5,20.0,0.0,35.0,150.0,1660
2026-08-06T15:58:10.574+03:00,31.133832,GLOBAL_POSITION_INT,Disarming and waiting for IDLE,IDLE,0,0,2.0,0.0,0.0,0.0,0.0,356.9999996891463,1000,1000,-660,1,1500,1500,1500,2.0,0.5,20.0,0.0,35.0,150.0,1660
2026-08-06T15:58:10.574+03:00,31.134077,RC_CHANNELS,Disarming and waiting for IDLE,IDLE,0,0,2.0,0.0,0.0,0.0,0.0,356.9999996891463,1000,1000,-660,1,1500,1500,1500,2.0,0.5,20.0,0.0,35.0,150.0,1660
2026-08-06T15:58:10.655+03:00,31.215377,V2_CHANNEL_STATUS,Disarming and waiting for IDLE,IDLE,0,0,2.0,0.0,0.0,0.0,0.0,356.9999996891463,1000,1000,-660,1,1500,1500,1500,2.0,0.5,20.0,0.0,35.0,150.0,1660
2026-08-06T15:58:10.757+03:00,31.317288,V2_CHANNEL_STATUS,Disarming and waiting for IDLE,IDLE,0,0,2.0,0.0,0.0,0.0,0.0,356.9999996891463,1000,1000,-660,1,1500,1500,1500,2.0,0.5,20.0,0.0,35.0,150.0,1660
2026-08-06T15:58:10.859+03:00,31.419168,V2_CHANNEL_STATUS,Disarming and waiting for IDLE,IDLE,0,0,2.0,0.0,0.0,0.0,0.0,356.9999996891463,1000,1000,-660,1,1500,1500,1500,2.0,0.5,20.0,0.0,35.0,150.0,1660
2026-08-06T15:58:10.961+03:00,31.520847,V2_CHANNEL_STATUS,Disarming and waiting for IDLE,IDLE,0,0,2.0,0.0,0.0,0.0,0.0,356.9999996891463,1000,1000,-660,1,1500,1500,1500,2.0,0.5,20.0,0.0,35.0,150.0,1660
